Data Science,Public Speaking,Python: Introduction,Node.js,Trigonometry,Applications Of Trignonometry,Political Science,Grammar,Machine Learning,Django,"HTML,CSS",Javascript,Literature,Inverse Trignonometry
0,11.0,0.0,0.0,7.0,13.0,0.0,0.0,23.0,7.0,0.0,0.0,0.0,9.0,0.0
1,0.0,10.0,0.0,10.0,0.0,10.0,14.0,0.0,29.0,0.0,11.0,10.0,0.0,10.0
2,0.0,0.0,0.0,23.0,16.0,0.0,0.0,14.0,12.0,27.0,24.0,23.0,0.0,8.0
3,6.0,21.0,0.0,0.0,0.0,0.0,6.0,26.0,0.0,23.0,0.0,19.0,20.0,0.0
4,0.0,0.0,9.0,12.0,0.0,0.0,0.0,18.0,28.0,0.0,0.0,24.0,18.0,0.0
5,0.0,6.0,6.0,26.0,0.0,0.0,23.0,23.0,17.0,0.0,0.0,12.0,22.0,12.0
6,0.0,15.0,0.0,25.0,0.0,0.0,5.0,0.0,0.0,25.0,7.0,0.0,0.0,0.0
7,0.0,0.0,21.0,0.0,0.0,16.0,18.0,11.0,9.0,15.0,9.0,13.0,29.0,0.0
8,0.0,26.0,11.0,28.0,0.0,12.0,21.0,5.0,0.0,0.0,20.0,12.0,0.0,0.0
9,26.0,0.0,24.0,21.0,28.0,0.0,0.0,23.0,0.0,0.0,0.0,0.0,27.0,0.0
10,15.0,29.0,25.0,0.0,0.0,0.0,8.0,0.0,20.0,23.0,26.0,0.0,0.0,0.0
11,0.0,0.0,10.0,0.0,15.0,0.0,16.0,0.0,0.0,0.0,13.0,0.0,11.0,0.0
12,0.0,11.0,0.0,0.0,28.0,0.0,14.0,0.0,0.0,7.0,0.0,7.0,0.0,0.0
13,18.0,0.0,0.0,7.0,0.0,16.0,0.0,11.0,25.0,25.0,13.0,0.0,16.0,0.0
14,0.0,9.0,12.0,15.0,13.0,0.0,0.0,25.0,0.0,12.0,24.0,0.0,0.0,0.0
15,0.0,18.0,0.0,0.0,5.0,17.0,21.0,6.0,21.0,0.0,13.0,0.0,0.0,12.0
16,15.0,5.0,13.0,15.0,0.0,0.0,21.0,18.0,0.0,0.0,22.0,0.0,0.0,0.0
17,12.0,11.0,0.0,0.0,26.0,0.0,27.0,0.0,21.0,0.0,0.0,14.0,0.0,21.0
18,5.0,0.0,0.0,0.0,0.0,19.0,0.0,0.0,0.0,0.0,0.0,15.0,7.0,18.0
19,0.0,0.0,0.0,8.0,11.0,0.0,0.0,0.0,0.0,24.0,0.0,9.0,0.0,11.0
20,0.0,24.0,10.0,16.0,0.0,19.0,0.0,8.0,19.0,0.0,19.0,8.0,0.0,19.0
21,0.0,0.0,21.0,0.0,7.0,27.0,11.0,0.0,22.0,0.0,18.0,0.0,0.0,0.0
22,13.0,18.0,0.0,27.0,0.0,0.0,0.0,0.0,22.0,0.0,0.0,21.0,27.0,12.0
23,0.0,21.0,16.0,22.0,14.0,0.0,0.0,23.0,0.0,0.0,27.0,0.0,24.0,0.0
24,0.0,14.0,0.0,22.0,11.0,0.0,14.0,29.0,0.0,5.0,0.0,20.0,20.0,0.0
25,25.0,0.0,0.0,0.0,0.0,0.0,8.0,11.0,10.0,0.0,0.0,0.0,0.0,0.0
26,15.0,0.0,28.0,20.0,24.0,21.0,0.0,0.0,16.0,0.0,22.0,0.0,0.0,0.0
27,0.0,12.0,5.0,14.0,6.0,0.0,18.0,0.0,13.0,18.0,18.0,0.0,0.0,6.0
28,0.0,0.0,14.0,27.0,11.0,21.0,0.0,0.0,13.0,0.0,0.0,20.0,0.0,7.0
29,0.0,0.0,0.0,0.0,0.0,13.0,0.0,0.0,7.0,28.0,9.0,0.0,17.0,0.0
30,0.0,17.0,24.0,11.0,22.0,24.0,11.0,0.0,0.0,23.0,9.0,0.0,0.0,25.0
31,23.0,6.0,0.0,11.0,0.0,0.0,0.0,0.0,19.0,5.0,0.0,0.0,7.0,16.0
32,25.0,0.0,14.0,5.0,0.0,0.0,0.0,0.0,23.0,7.0,20.0,0.0,0.0,0.0
33,0.0,29.0,18.0,0.0,0.0,16.0,0.0,0.0,7.0,5.0,0.0,21.0,0.0,0.0
34,19.0,0.0,24.0,0.0,14.0,0.0,0.0,0.0,0.0,22.0,0.0,0.0,23.0,0.0
35,22.0,20.0,0.0,0.0,0.0,10.0,0.0,14.0,0.0,0.0,11.0,14.0,0.0,5.0
36,0.0,26.0,0.0,0.0,0.0,7.0,24.0,28.0,26.0,25.0,23.0,0.0,27.0,0.0
37,0.0,0.0,0.0,0.0,0.0,23.0,0.0,15.0,27.0,19.0,0.0,0.0,0.0,0.0
38,27.0,21.0,22.0,6.0,0.0,10.0,14.0,0.0,0.0,0.0,0.0,18.0,26.0,8.0
39,16.0,0.0,6.0,0.0,0.0,16.0,0.0,19.0,0.0,0.0,0.0,23.0,8.0,18.0
40,0.0,6.0,0.0,0.0,0.0,27.0,18.0,27.0,0.0,10.0,27.0,0.0,0.0,13.0
41,0.0,0.0,5.0,22.0,0.0,0.0,7.0,5.0,21.0,27.0,9.0,13.0,12.0,0.0
42,18.0,6.0,23.0,0.0,14.0,27.0,0.0,0.0,7.0,0.0,0.0,24.0,12.0,0.0
43,26.0,26.0,14.0,15.0,0.0,0.0,24.0,17.0,19.0,9.0,15.0,0.0,0.0,9.0
44,0.0,0.0,0.0,5.0,0.0,0.0,0.0,0.0,5.0,26.0,5.0,0.0,6.0,0.0
45,10.0,29.0,19.0,5.0,19.0,12.0,12.0,8.0,0.0,11.0,0.0,0.0,0.0,0.0
46,23.0,13.0,0.0,23.0,0.0,0.0,6.0,15.0,0.0,0.0,23.0,0.0,15.0,0.0
47,0.0,0.0,6.0,0.0,0.0,0.0,0.0,16.0,0.0,25.0,0.0,5.0,17.0,17.0
48,15.0,0.0,0.0,25.0,23.0,25.0,14.0,26.0,18.0,0.0,0.0,0.0,0.0,21.0
49,0.0,0.0,9.0,0.0,23.0,9.0,7.0,0.0,0.0,18.0,16.0,7.0,10.0,0.0
50,0.0,0.0,24.0,0.0,6.0,0.0,0.0,0.0,7.0,15.0,27.0,17.0,0.0,0.0
51,0.0,27.0,0.0,0.0,0.0,0.0,0.0,8.0,0.0,15.0,22.0,0.0,0.0,0.0
52,0.0,12.0,0.0,14.0,24.0,19.0,21.0,18.0,9.0,21.0,0.0,0.0,0.0,10.0
53,22.0,18.0,5.0,0.0,0.0,0.0,5.0,13.0,0.0,0.0,0.0,14.0,16.0,13.0
54,28.0,0.0,28.0,0.0,0.0,0.0,10.0,0.0,0.0,10.0,0.0,23.0,24.0,16.0
55,0.0,0.0,27.0,28.0,21.0,11.0,27.0,0.0,16.0,0.0,13.0,0.0,22.0,13.0
56,0.0,0.0,0.0,0.0,0.0,11.0,0.0,0.0,14.0,0.0,29.0,23.0,0.0,0.0
57,0.0,11.0,0.0,17.0,0.0,8.0,10.0,0.0,28.0,21.0,0.0,0.0,10.0,0.0
58,15.0,28.0,15.0,7.0,0.0,0.0,0.0,0.0,8.0,0.0,16.0,28.0,0.0,21.0
59,11.0,8.0,28.0,8.0,16.0,0.0,0.0,0.0,0.0,0.0,6.0,20.0,17.0,5.0
60,25.0,0.0,20.0,15.0,0.0,0.0,24.0,22.0,0.0,20.0,15.0,13.0,29.0,27.0
61,12.0,0.0,0.0,0.0,0.0,0.0,21.0,20.0,22.0,18.0,0.0,23.0,0.0,0.0
62,6.0,0.0,19.0,13.0,0.0,7.0,29.0,0.0,27.0,13.0,25.0,18.0,0.0,27.0
63,0.0,23.0,26.0,0.0,19.0,0.0,22.0,0.0,0.0,17.0,0.0,0.0,18.0,0.0
64,5.0,0.0,24.0,0.0,0.0,5.0,24.0,0.0,23.0,0.0,20.0,0.0,0.0,15.0
65,15.0,27.0,0.0,15.0,0.0,5.0,27.0,22.0,0.0,13.0,8.0,14.0,18.0,0.0
66,0.0,6.0,0.0,25.0,0.0,0.0,0.0,19.0,15.0,27.0,8.0,0.0,22.0,23.0
67,0.0,29.0,25.0,0.0,6.0,0.0,6.0,0.0,25.0,14.0,9.0,23.0,26.0,0.0
68,8.0,27.0,9.0,21.0,0.0,25.0,9.0,0.0,18.0,0.0,0.0,0.0,0.0,0.0
69,23.0,0.0,9.0,0.0,28.0,0.0,6.0,29.0,22.0,21.0,23.0,0.0,0.0,6.0
70,0.0,27.0,0.0,27.0,5.0,21.0,28.0,0.0,26.0,28.0,29.0,23.0,0.0,0.0
71,9.0,0.0,0.0,0.0,25.0,0.0,0.0,0.0,0.0,11.0,11.0,0.0,12.0,0.0
72,0.0,8.0,20.0,0.0,19.0,25.0,0.0,0.0,29.0,15.0,7.0,28.0,0.0,14.0
73,0.0,29.0,29.0,12.0,0.0,0.0,9.0,8.0,11.0,25.0,5.0,29.0,8.0,23.0
74,0.0,5.0,0.0,15.0,0.0,5.0,26.0,0.0,0.0,0.0,0.0,0.0,13.0,0.0
75,23.0,0.0,13.0,0.0,0.0,0.0,18.0,7.0,12.0,0.0,0.0,0.0,0.0,12.0
76,11.0,11.0,6.0,27.0,25.0,0.0,0.0,0.0,0.0,0.0,16.0,27.0,16.0,24.0
77,0.0,17.0,29.0,0.0,0.0,0.0,0.0,22.0,16.0,0.0,0.0,0.0,18.0,26.0
78,0.0,0.0,0.0,20.0,0.0,16.0,0.0,0.0,7.0,19.0,27.0,0.0,0.0,9.0
79,18.0,0.0,0.0,27.0,0.0,0.0,10.0,28.0,25.0,0.0,9.0,13.0,22.0,0.0
80,0.0,10.0,6.0,29.0,0.0,0.0,28.0,0.0,0.0,28.0,15.0,0.0,0.0,9.0
81,5.0,0.0,9.0,0.0,0.0,0.0,14.0,21.0,0.0,28.0,26.0,9.0,22.0,11.0
82,18.0,0.0,22.0,0.0,0.0,0.0,27.0,25.0,0.0,0.0,25.0,7.0,26.0,0.0
83,0.0,26.0,0.0,9.0,10.0,0.0,15.0,6.0,0.0,0.0,29.0,11.0,0.0,0.0
84,0.0,0.0,22.0,17.0,10.0,0.0,0.0,0.0,25.0,0.0,0.0,0.0,7.0,0.0
85,0.0,23.0,0.0,0.0,17.0,0.0,15.0,0.0,13.0,0.0,14.0,22.0,0.0,0.0
86,0.0,11.0,18.0,6.0,21.0,0.0,26.0,0.0,0.0,14.0,0.0,0.0,14.0,26.0
87,5.0,0.0,0.0,0.0,21.0,24.0,0.0,14.0,0.0,0.0,27.0,0.0,18.0,0.0
88,0.0,29.0,0.0,23.0,18.0,0.0,24.0,14.0,0.0,0.0,20.0,0.0,6.0,11.0
89,0.0,19.0,0.0,0.0,0.0,0.0,0.0,8.0,0.0,0.0,23.0,0.0,12.0,18.0
90,8.0,0.0,15.0,5.0,17.0,0.0,0.0,0.0,26.0,0.0,5.0,13.0,25.0,29.0
91,16.0,0.0,20.0,0.0,0.0,0.0,0.0,11.0,0.0,23.0,11.0,0.0,0.0,0.0
92,20.0,0.0,0.0,0.0,0.0,0.0,18.0,7.0,12.0,24.0,8.0,7.0,11.0,13.0
93,0.0,16.0,0.0,0.0,0.0,0.0,0.0,23.0,5.0,0.0,9.0,11.0,26.0,23.0
94,15.0,17.0,14.0,26.0,14.0,23.0,0.0,0.0,0.0,29.0,24.0,0.0,0.0,0.0
95,16.0,26.0,10.0,0.0,0.0,11.0,5.0,0.0,0.0,0.0,27.0,14.0,0.0,0.0
96,14.0,11.0,8.0,0.0,0.0,7.0,0.0,0.0,19.0,9.0,24.0,17.0,15.0,27.0
97,0.0,0.0,0.0,0.0,11.0,16.0,20.0,0.0,20.0,15.0,11.0,0.0,28.0,28.0
98,0.0,0.0,10.0,22.0,0.0,0.0,0.0,25.0,0.0,14.0,0.0,12.0,0.0,0.0
99,0.0,0.0,0.0,12.0,27.0,10.0,0.0,0.0,14.0,19.0,29.0,13.0,25.0,21.0
100,6.0,0.0,10.0,0.0,19.0,0.0,23.0,0.0,5.0,12.0,8.0,17.0,28.0,26.0
101,0.0,12.0,0.0,0.0,0.0,0.0,0.0,24.0,18.0,0.0,21.0,0.0,0.0,0.0
102,9.0,0.0,0.0,6.0,18.0,0.0,0.0,0.0,21.0,20.0,0.0,9.0,18.0,0.0
103,0.0,0.0,11.0,0.0,0.0,0.0,0.0,27.0,21.0,0.0,0.0,0.0,0.0,11.0
104,0.0,26.0,0.0,0.0,0.0,6.0,0.0,0.0,0.0,15.0,11.0,0.0,0.0,0.0
105,15.0,0.0,0.0,25.0,19.0,7.0,6.0,18.0,0.0,16.0,0.0,23.0,19.0,19.0
106,0.0,0.0,12.0,0.0,0.0,0.0,25.0,0.0,0.0,0.0,0.0,0.0,0.0,0.0
107,0.0,17.0,0.0,0.0,27.0,26.0,0.0,0.0,19.0,0.0,0.0,25.0,0.0,0.0
108,11.0,16.0,19.0,0.0,22.0,0.0,11.0,9.0,8.0,27.0,0.0,7.0,0.0,17.0
109,5.0,0.0,0.0,0.0,0.0,0.0,18.0,0.0,20.0,0.0,0.0,0.0,0.0,0.0
110,0.0,8.0,0.0,0.0,0.0,9.0,0.0,0.0,0.0,0.0,0.0,26.0,0.0,0.0
111,0.0,14.0,0.0,27.0,0.0,0.0,0.0,0.0,0.0,0.0,0.0,0.0,0.0,10.0
112,26.0,23.0,11.0,0.0,25.0,0.0,0.0,0.0,0.0,0.0,0.0,10.0,0.0,0.0
113,5.0,0.0,6.0,0.0,0.0,27.0,0.0,8.0,0.0,15.0,24.0,0.0,29.0,11.0
114,0.0,20.0,0.0,0.0,0.0,12.0,8.0,0.0,18.0,10.0,22.0,7.0,20.0,0.0
115,5.0,15.0,0.0,0.0,0.0,13.0,29.0,0.0,0.0,0.0,22.0,20.0,28.0,13.0
116,0.0,0.0,0.0,7.0,0.0,0.0,24.0,9.0,15.0,0.0,29.0,26.0,22.0,27.0
117,18.0,17.0,0.0,24.0,0.0,6.0,0.0,0.0,17.0,0.0,0.0,7.0,0.0,0.0
118,5.0,8.0,0.0,5.0,7.0,26.0,28.0,25.0,0.0,14.0,5.0,29.0,0.0,16.0
119,0.0,10.0,29.0,0.0,0.0,16.0,0.0,28.0,0.0,10.0,16.0,0.0,0.0,0.0
120,9.0,0.0,0.0,20.0,26.0,6.0,8.0,21.0,0.0,0.0,13.0,22.0,9.0,0.0
121,23.0,0.0,0.0,18.0,27.0,18.0,0.0,12.0,27.0,0.0,0.0,0.0,22.0,0.0
122,23.0,28.0,0.0,0.0,0.0,0.0,28.0,0.0,0.0,18.0,0.0,0.0,18.0,0.0
123,29.0,13.0,23.0,0.0,25.0,24.0,19.0,0.0,21.0,0.0,13.0,0.0,0.0,0.0
124,0.0,10.0,0.0,12.0,0.0,0.0,0.0,7.0,0.0,0.0,0.0,22.0,0.0,0.0
125,23.0,26.0,24.0,0.0,15.0,0.0,0.0,29.0,8.0,22.0,14.0,0.0,24.0,0.0
126,0.0,0.0,23.0,6.0,10.0,17.0,24.0,0.0,15.0,6.0,22.0,20.0,28.0,0.0
127,29.0,7.0,0.0,5.0,0.0,28.0,0.0,0.0,16.0,21.0,0.0,0.0,0.0,0.0
128,23.0,0.0,24.0,0.0,15.0,0.0,0.0,13.0,27.0,0.0,5.0,21.0,15.0,14.0
129,0.0,24.0,10.0,0.0,0.0,9.0,0.0,0.0,13.0,5.0,0.0,0.0,13.0,11.0
130,0.0,0.0,0.0,0.0,0.0,0.0,0.0,14.0,0.0,26.0,29.0,13.0,8.0,0.0
131,7.0,0.0,0.0,27.0,0.0,0.0,0.0,0.0,0.0,0.0,0.0,24.0,0.0,25.0
132,16.0,0.0,0.0,0.0,0.0,5.0,27.0,0.0,0.0,16.0,0.0,0.0,29.0,27.0
133,25.0,0.0,0.0,22.0,0.0,0.0,5.0,29.0,0.0,0.0,0.0,0.0,0.0,28.0
134,29.0,0.0,15.0,0.0,0.0,26.0,0.0,7.0,12.0,0.0,8.0,0.0,0.0,0.0
135,0.0,0.0,9.0,0.0,0.0,0.0,7.0,0.0,0.0,17.0,0.0,0.0,28.0,0.0
136,23.0,0.0,0.0,22.0,23.0,0.0,10.0,0.0,6.0,0.0,0.0,0.0,27.0,0.0
137,16.0,0.0,24.0,0.0,20.0,9.0,0.0,0.0,24.0,0.0,25.0,13.0,20.0,0.0
138,29.0,14.0,8.0,27.0,0.0,0.0,0.0,29.0,8.0,14.0,20.0,24.0,6.0,0.0
139,0.0,0.0,0.0,0.0,0.0,0.0,6.0,0.0,9.0,0.0,27.0,24.0,11.0,0.0
140,27.0,0.0,8.0,0.0,5.0,12.0,0.0,18.0,6.0,15.0,0.0,9.0,19.0,0.0
141,0.0,24.0,0.0,0.0,0.0,6.0,21.0,0.0,0.0,0.0,0.0,0.0,15.0,28.0
142,0.0,9.0,0.0,21.0,23.0,0.0,21.0,0.0,24.0,8.0,9.0,0.0,0.0,29.0
143,8.0,0.0,0.0,0.0,0.0,20.0,14.0,24.0,22.0,0.0,0.0,26.0,29.0,18.0
144,0.0,17.0,23.0,18.0,0.0,0.0,0.0,16.0,0.0,17.0,9.0,0.0,27.0,0.0
145,17.0,0.0,25.0,26.0,26.0,12.0,0.0,8.0,0.0,15.0,0.0,0.0,0.0,15.0
146,0.0,25.0,0.0,0.0,13.0,24.0,0.0,17.0,26.0,12.0,11.0,15.0,26.0,29.0
147,0.0,22.0,0.0,0.0,0.0,0.0,20.0,0.0,25.0,7.0,18.0,19.0,19.0,0.0
148,0.0,0.0,0.0,19.0,0.0,24.0,24.0,0.0,0.0,0.0,9.0,17.0,13.0,0.0
149,0.0,0.0,8.0,0.0,0.0,0.0,28.0,9.0,0.0,22.0,29.0,24.0,17.0,0.0
150,28.0,0.0,0.0,21.0,0.0,13.0,19.0,0.0,0.0,17.0,24.0,0.0,0.0,0.0
151,0.0,16.0,0.0,25.0,0.0,5.0,8.0,0.0,24.0,22.0,0.0,28.0,12.0,19.0
152,8.0,11.0,0.0,27.0,29.0,0.0,0.0,0.0,0.0,0.0,22.0,0.0,11.0,14.0
153,14.0,0.0,25.0,0.0,25.0,0.0,0.0,0.0,28.0,14.0,0.0,0.0,5.0,0.0
154,0.0,13.0,0.0,13.0,20.0,17.0,13.0,0.0,0.0,0.0,11.0,13.0,0.0,0.0
155,14.0,0.0,0.0,9.0,0.0,16.0,0.0,0.0,26.0,28.0,0.0,28.0,18.0,27.0
156,0.0,0.0,0.0,0.0,15.0,6.0,28.0,20.0,0.0,9.0,0.0,0.0,8.0,28.0
157,0.0,0.0,7.0,0.0,20.0,15.0,0.0,28.0,0.0,6.0,28.0,16.0,0.0,26.0
158,0.0,5.0,27.0,19.0,16.0,8.0,0.0,14.0,28.0,10.0,0.0,0.0,22.0,21.0
159,24.0,0.0,0.0,15.0,0.0,0.0,19.0,19.0,0.0,0.0,21.0,0.0,0.0,16.0
160,0.0,26.0,28.0,0.0,0.0,0.0,0.0,0.0,0.0,0.0,18.0,17.0,0.0,0.0
161,5.0,18.0,28.0,0.0,0.0,9.0,6.0,0.0,0.0,7.0,0.0,19.0,18.0,0.0
162,0.0,0.0,20.0,14.0,17.0,11.0,0.0,0.0,9.0,0.0,0.0,0.0,0.0,9.0
163,25.0,13.0,0.0,0.0,0.0,7.0,14.0,0.0,11.0,22.0,22.0,28.0,0.0,13.0
164,28.0,0.0,8.0,9.0,0.0,0.0,0.0,23.0,0.0,0.0,0.0,0.0,0.0,29.0
165,0.0,0.0,23.0,0.0,26.0,0.0,0.0,0.0,22.0,0.0,0.0,19.0,0.0,14.0
166,0.0,0.0,0.0,0.0,15.0,0.0,0.0,0.0,5.0,0.0,0.0,6.0,14.0,12.0
167,12.0,8.0,0.0,0.0,0.0,6.0,15.0,21.0,0.0,8.0,0.0,9.0,0.0,18.0
168,0.0,20.0,5.0,0.0,0.0,0.0,0.0,0.0,0.0,0.0,28.0,6.0,0.0,7.0
169,0.0,0.0,0.0,0.0,7.0,14.0,0.0,0.0,0.0,0.0,13.0,0.0,0.0,0.0
170,0.0,0.0,0.0,26.0,26.0,0.0,0.0,0.0,0.0,0.0,28.0,0.0,0.0,0.0
171,0.0,25.0,8.0,15.0,18.0,0.0,26.0,18.0,22.0,0.0,0.0,6.0,0.0,8.0
172,20.0,6.0,18.0,26.0,23.0,19.0,0.0,27.0,0.0,6.0,0.0,15.0,0.0,0.0
173,8.0,0.0,27.0,25.0,12.0,20.0,0.0,9.0,11.0,0.0,0.0,0.0,5.0,0.0
174,9.0,21.0,0.0,27.0,27.0,0.0,22.0,25.0,17.0,0.0,17.0,0.0,0.0,0.0
175,18.0,0.0,11.0,0.0,0.0,0.0,0.0,11.0,11.0,0.0,0.0,11.0,27.0,13.0
176,6.0,20.0,16.0,0.0,16.0,12.0,0.0,13.0,22.0,26.0,19.0,0.0,0.0,29.0
177,25.0,0.0,0.0,6.0,11.0,0.0,0.0,7.0,0.0,25.0,14.0,0.0,6.0,0.0
178,0.0,0.0,0.0,11.0,0.0,0.0,0.0,16.0,0.0,9.0,0.0,5.0,0.0,0.0
179,0.0,21.0,24.0,0.0,0.0,12.0,15.0,0.0,17.0,0.0,20.0,26.0,27.0,22.0
180,0.0,0.0,0.0,0.0,0.0,15.0,0.0,29.0,0.0,0.0,0.0,10.0,0.0,0.0
181,0.0,0.0,0.0,0.0,17.0,0.0,12.0,0.0,0.0,0.0,14.0,13.0,0.0,11.0
182,0.0,28.0,0.0,23.0,0.0,0.0,15.0,0.0,17.0,0.0,27.0,0.0,0.0,0.0
183,0.0,13.0,26.0,21.0,0.0,0.0,26.0,20.0,0.0,0.0,8.0,0.0,23.0,25.0
184,27.0,20.0,28.0,7.0,21.0,26.0,0.0,0.0,21.0,0.0,25.0,27.0,0.0,0.0
185,0.0,7.0,0.0,0.0,27.0,0.0,0.0,0.0,0.0,20.0,18.0,0.0,0.0,9.0
186,17.0,28.0,0.0,8.0,0.0,14.0,0.0,29.0,15.0,18.0,14.0,28.0,0.0,0.0
187,20.0,12.0,0.0,13.0,0.0,0.0,0.0,15.0,0.0,20.0,0.0,25.0,0.0,22.0
188,0.0,0.0,0.0,20.0,13.0,12.0,0.0,6.0,0.0,22.0,12.0,0.0,0.0,9.0
189,24.0,0.0,12.0,27.0,13.0,8.0,8.0,0.0,6.0,0.0,0.0,0.0,17.0,0.0
190,0.0,0.0,0.0,0.0,0.0,6.0,15.0,0.0,0.0,0.0,0.0,15.0,0.0,0.0
191,0.0,16.0,28.0,0.0,19.0,0.0,0.0,6.0,0.0,5.0,12.0,0.0,6.0,0.0
192,25.0,0.0,20.0,23.0,0.0,0.0,23.0,13.0,0.0,12.0,18.0,23.0,16.0,21.0
193,0.0,0.0,0.0,0.0,0.0,24.0,12.0,20.0,0.0,6.0,0.0,28.0,12.0,0.0
194,22.0,0.0,11.0,0.0,0.0,15.0,17.0,8.0,0.0,17.0,0.0,24.0,0.0,0.0
195,0.0,0.0,0.0,29.0,0.0,0.0,28.0,0.0,7.0,23.0,25.0,12.0,0.0,0.0
196,0.0,25.0,17.0,0.0,9.0,22.0,10.0,14.0,0.0,0.0,20.0,11.0,16.0,0.0
197,0.0,18.0,10.0,0.0,18.0,19.0,0.0,17.0,28.0,7.0,0.0,0.0,22.0,19.0
198,0.0,17.0,15.0,8.0,9.0,0.0,12.0,0.0,0.0,0.0,25.0,5.0,28.0,0.0
199,0.0,0.0,0.0,28.0,25.0,0.0,16.0,15.0,0.0,0.0,0.0,0.0,0.0,7.0
200,0.0,0.0,0.0,0.0,5.0,14.0,0.0,0.0,17.0,16.0,0.0,25.0,0.0,0.0
201,0.0,0.0,25.0,15.0,0.0,9.0,16.0,0.0,15.0,20.0,0.0,17.0,8.0,17.0
202,12.0,27.0,0.0,0.0,19.0,0.0,12.0,0.0,8.0,19.0,0.0,0.0,19.0,23.0
203,0.0,16.0,18.0,25.0,14.0,0.0,0.0,0.0,0.0,21.0,0.0,0.0,0.0,0.0
204,25.0,0.0,17.0,16.0,0.0,23.0,9.0,0.0,0.0,15.0,24.0,28.0,0.0,5.0
205,23.0,25.0,0.0,0.0,18.0,0.0,0.0,0.0,0.0,0.0,0.0,0.0,22.0,27.0
206,0.0,0.0,27.0,5.0,0.0,8.0,0.0,24.0,5.0,0.0,0.0,0.0,0.0,0.0
207,0.0,8.0,0.0,0.0,8.0,18.0,0.0,0.0,14.0,17.0,0.0,24.0,0.0,11.0
208,9.0,0.0,23.0,27.0,0.0,25.0,29.0,12.0,0.0,0.0,12.0,10.0,19.0,0.0
209,9.0,6.0,9.0,28.0,29.0,0.0,0.0,9.0,19.0,6.0,0.0,25.0,24.0,21.0
210,0.0,8.0,9.0,0.0,0.0,0.0,28.0,0.0,0.0,0.0,0.0,27.0,0.0,18.0
211,25.0,8.0,28.0,0.0,0.0,20.0,0.0,16.0,10.0,0.0,20.0,0.0,27.0,0.0
212,28.0,21.0,0.0,13.0,12.0,0.0,24.0,28.0,14.0,23.0,0.0,0.0,23.0,26.0
213,0.0,0.0,16.0,0.0,22.0,0.0,0.0,0.0,0.0,18.0,19.0,9.0,0.0,0.0
214,0.0,0.0,0.0,23.0,0.0,22.0,0.0,0.0,9.0,0.0,9.0,0.0,0.0,21.0
215,0.0,11.0,12.0,0.0,6.0,0.0,0.0,26.0,6.0,0.0,0.0,13.0,20.0,15.0
216,0.0,0.0,0.0,0.0,0.0,0.0,0.0,0.0,16.0,21.0,0.0,10.0,0.0,0.0
217,16.0,14.0,0.0,16.0,0.0,29.0,28.0,0.0,0.0,0.0,26.0,28.0,20.0,0.0
218,13.0,26.0,0.0,17.0,6.0,27.0,0.0,0.0,9.0,0.0,12.0,0.0,6.0,0.0
219,0.0,24.0,22.0,0.0,0.0,0.0,7.0,0.0,0.0,0.0,0.0,0.0,0.0,0.0
220,0.0,13.0,0.0,5.0,0.0,0.0,8.0,24.0,0.0,0.0,0.0,0.0,0.0,0.0
221,8.0,16.0,20.0,15.0,18.0,10.0,0.0,27.0,21.0,5.0,0.0,23.0,0.0,11.0
222,23.0,0.0,15.0,0.0,5.0,0.0,0.0,0.0,18.0,0.0,0.0,29.0,14.0,0.0
223,13.0,0.0,11.0,0.0,27.0,0.0,0.0,0.0,25.0,0.0,24.0,5.0,0.0,17.0
224,27.0,11.0,0.0,0.0,13.0,24.0,13.0,17.0,16.0,0.0,15.0,22.0,0.0,10.0
225,0.0,0.0,5.0,0.0,23.0,25.0,0.0,16.0,28.0,0.0,0.0,0.0,0.0,18.0
226,7.0,23.0,27.0,10.0,0.0,8.0,0.0,0.0,0.0,16.0,10.0,0.0,19.0,23.0
227,24.0,22.0,23.0,0.0,29.0,5.0,20.0,0.0,20.0,28.0,11.0,0.0,0.0,17.0
228,0.0,22.0,20.0,9.0,27.0,18.0,0.0,12.0,0.0,27.0,10.0,27.0,0.0,13.0
229,0.0,0.0,0.0,26.0,9.0,6.0,23.0,0.0,0.0,0.0,0.0,0.0,0.0,28.0
230,0.0,29.0,27.0,0.0,24.0,23.0,12.0,0.0,23.0,11.0,8.0,0.0,0.0,24.0
231,7.0,16.0,19.0,0.0,0.0,0.0,0.0,0.0,10.0,18.0,0.0,6.0,24.0,0.0
232,23.0,24.0,0.0,8.0,7.0,12.0,6.0,15.0,7.0,27.0,0.0,22.0,24.0,0.0
233,10.0,0.0,19.0,14.0,9.0,21.0,0.0,0.0,10.0,28.0,0.0,17.0,0.0,11.0
234,0.0,20.0,14.0,0.0,7.0,27.0,17.0,9.0,8.0,17.0,19.0,0.0,12.0,19.0
235,27.0,0.0,0.0,0.0,0.0,0.0,0.0,0.0,5.0,0.0,0.0,0.0,0.0,17.0
236,0.0,0.0,27.0,9.0,0.0,5.0,0.0,0.0,17.0,5.0,0.0,0.0,0.0,14.0
237,0.0,26.0,0.0,15.0,0.0,0.0,22.0,16.0,0.0,24.0,0.0,12.0,0.0,0.0
238,0.0,0.0,0.0,0.0,7.0,7.0,0.0,18.0,0.0,0.0,21.0,0.0,0.0,18.0
239,20.0,0.0,12.0,6.0,0.0,22.0,15.0,0.0,0.0,0.0,18.0,11.0,9.0,14.0
240,20.0,26.0,0.0,18.0,7.0,0.0,0.0,22.0,0.0,0.0,0.0,0.0,27.0,9.0
241,0.0,0.0,25.0,0.0,0.0,25.0,0.0,8.0,0.0,0.0,28.0,0.0,29.0,8.0
242,11.0,0.0,0.0,28.0,5.0,0.0,10.0,0.0,14.0,0.0,0.0,25.0,19.0,0.0
243,0.0,9.0,0.0,16.0,14.0,0.0,0.0,14.0,23.0,0.0,18.0,0.0,0.0,0.0
244,0.0,0.0,5.0,11.0,0.0,14.0,0.0,20.0,0.0,0.0,0.0,18.0,9.0,16.0
245,0.0,16.0,0.0,0.0,0.0,19.0,27.0,0.0,0.0,9.0,9.0,0.0,10.0,23.0
246,0.0,0.0,0.0,0.0,0.0,22.0,16.0,0.0,5.0,27.0,0.0,6.0,0.0,23.0
247,0.0,0.0,0.0,11.0,0.0,25.0,0.0,0.0,0.0,0.0,0.0,17.0,6.0,29.0
248,20.0,16.0,8.0,0.0,0.0,0.0,26.0,0.0,0.0,0.0,0.0,0.0,0.0,22.0
249,0.0,0.0,5.0,29.0,10.0,8.0,0.0,26.0,6.0,28.0,8.0,0.0,0.0,0.0
250,15.0,10.0,0.0,0.0,23.0,0.0,13.0,0.0,6.0,19.0,27.0,19.0,25.0,0.0
251,7.0,0.0,0.0,0.0,0.0,12.0,0.0,0.0,7.0,0.0,15.0,0.0,0.0,18.0
252,6.0,15.0,0.0,28.0,13.0,0.0,7.0,0.0,0.0,16.0,26.0,0.0,0.0,10.0
253,25.0,27.0,0.0,24.0,16.0,19.0,0.0,8.0,17.0,0.0,0.0,28.0,27.0,0.0
254,21.0,0.0,0.0,0.0,22.0,11.0,18.0,24.0,13.0,0.0,0.0,0.0,21.0,28.0
255,0.0,24.0,16.0,0.0,0.0,13.0,7.0,18.0,7.0,25.0,0.0,17.0,13.0,16.0
256,0.0,12.0,0.0,29.0,0.0,29.0,0.0,0.0,0.0,24.0,0.0,0.0,0.0,0.0
257,0.0,17.0,26.0,7.0,22.0,16.0,0.0,20.0,17.0,7.0,0.0,27.0,25.0,0.0
258,16.0,0.0,0.0,0.0,22.0,0.0,0.0,0.0,9.0,0.0,0.0,0.0,29.0,7.0
259,12.0,18.0,24.0,0.0,25.0,0.0,0.0,0.0,26.0,14.0,16.0,12.0,12.0,10.0
260,23.0,0.0,24.0,26.0,29.0,0.0,6.0,0.0,0.0,10.0,0.0,0.0,12.0,0.0
261,18.0,16.0,0.0,26.0,26.0,11.0,27.0,15.0,13.0,0.0,0.0,8.0,0.0,0.0
262,0.0,0.0,21.0,0.0,21.0,5.0,23.0,0.0,23.0,6.0,10.0,0.0,0.0,28.0
263,0.0,0.0,0.0,16.0,0.0,0.0,10.0,24.0,20.0,0.0,27.0,5.0,0.0,23.0
264,0.0,27.0,10.0,0.0,0.0,0.0,0.0,0.0,11.0,11.0,19.0,0.0,8.0,0.0
265,0.0,16.0,10.0,0.0,12.0,0.0,27.0,20.0,19.0,12.0,17.0,0.0,0.0,23.0
266,24.0,21.0,12.0,28.0,0.0,22.0,19.0,0.0,0.0,14.0,13.0,0.0,13.0,20.0
267,10.0,8.0,0.0,0.0,0.0,28.0,0.0,0.0,26.0,21.0,8.0,17.0,0.0,0.0
268,21.0,0.0,0.0,22.0,28.0,20.0,0.0,29.0,23.0,21.0,0.0,16.0,14.0,0.0
269,0.0,0.0,11.0,0.0,21.0,25.0,13.0,0.0,7.0,0.0,0.0,9.0,0.0,19.0
270,17.0,20.0,5.0,0.0,0.0,0.0,27.0,13.0,20.0,0.0,11.0,5.0,0.0,10.0
271,0.0,10.0,25.0,6.0,17.0,0.0,0.0,17.0,0.0,11.0,16.0,21.0,5.0,14.0
272,22.0,0.0,27.0,13.0,0.0,26.0,9.0,8.0,12.0,0.0,0.0,0.0,28.0,0.0
273,14.0,0.0,18.0,15.0,0.0,15.0,22.0,0.0,17.0,0.0,5.0,29.0,21.0,0.0
274,20.0,0.0,0.0,19.0,0.0,0.0,0.0,0.0,0.0,23.0,0.0,0.0,26.0,0.0
275,24.0,0.0,15.0,0.0,19.0,6.0,17.0,0.0,24.0,13.0,0.0,0.0,0.0,0.0
276,29.0,25.0,0.0,0.0,26.0,16.0,0.0,0.0,27.0,15.0,15.0,12.0,0.0,0.0
277,23.0,0.0,24.0,0.0,0.0,0.0,0.0,27.0,15.0,0.0,0.0,0.0,9.0,28.0
278,16.0,7.0,0.0,0.0,8.0,0.0,0.0,21.0,22.0,0.0,0.0,21.0,25.0,11.0
279,0.0,0.0,0.0,18.0,0.0,0.0,26.0,6.0,0.0,27.0,0.0,8.0,0.0,0.0
280,12.0,0.0,6.0,8.0,0.0,9.0,9.0,0.0,15.0,0.0,0.0,29.0,0.0,28.0
281,0.0,0.0,6.0,0.0,0.0,23.0,7.0,0.0,5.0,12.0,17.0,7.0,0.0,0.0
282,27.0,0.0,0.0,23.0,9.0,0.0,0.0,20.0,21.0,0.0,0.0,0.0,15.0,8.0
283,27.0,0.0,11.0,15.0,22.0,15.0,0.0,0.0,0.0,12.0,20.0,6.0,0.0,16.0
284,0.0,13.0,0.0,0.0,0.0,15.0,11.0,16.0,7.0,23.0,23.0,0.0,0.0,7.0
285,0.0,13.0,0.0,7.0,0.0,0.0,0.0,5.0,16.0,17.0,17.0,20.0,0.0,0.0
286,11.0,9.0,21.0,6.0,0.0,21.0,0.0,29.0,6.0,0.0,23.0,14.0,17.0,0.0
287,24.0,0.0,18.0,6.0,0.0,0.0,0.0,17.0,22.0,20.0,0.0,0.0,0.0,0.0
288,0.0,0.0,0.0,0.0,0.0,10.0,0.0,14.0,0.0,21.0,0.0,0.0,9.0,12.0
289,0.0,0.0,0.0,5.0,14.0,12.0,0.0,6.0,0.0,28.0,27.0,21.0,0.0,10.0
290,0.0,9.0,21.0,0.0,0.0,11.0,0.0,27.0,25.0,7.0,0.0,24.0,5.0,0.0
291,7.0,0.0,14.0,0.0,16.0,0.0,28.0,9.0,0.0,11.0,23.0,21.0,0.0,0.0
292,5.0,0.0,0.0,15.0,0.0,0.0,0.0,0.0,6.0,0.0,0.0,29.0,18.0,0.0
293,10.0,23.0,0.0,0.0,0.0,21.0,8.0,0.0,0.0,5.0,0.0,12.0,0.0,21.0
294,27.0,28.0,0.0,0.0,20.0,0.0,16.0,0.0,13.0,0.0,0.0,0.0,13.0,0.0
295,25.0,0.0,20.0,5.0,5.0,0.0,12.0,0.0,14.0,14.0,13.0,29.0,0.0,0.0
296,0.0,23.0,0.0,0.0,0.0,23.0,0.0,0.0,25.0,27.0,16.0,0.0,24.0,28.0
297,18.0,0.0,7.0,0.0,25.0,26.0,0.0,7.0,8.0,0.0,0.0,0.0,0.0,28.0
298,16.0,17.0,15.0,28.0,0.0,8.0,13.0,13.0,18.0,0.0,0.0,27.0,18.0,0.0
299,7.0,0.0,24.0,0.0,12.0,22.0,27.0,0.0,16.0,0.0,0.0,0.0,0.0,0.0
300,0.0,0.0,0.0,25.0,0.0,0.0,26.0,0.0,0.0,20.0,0.0,12.0,0.0,19.0
301,0.0,0.0,0.0,19.0,20.0,0.0,0.0,0.0,0.0,17.0,23.0,8.0,23.0,0.0
302,28.0,18.0,0.0,0.0,0.0,25.0,11.0,0.0,14.0,0.0,25.0,0.0,6.0,0.0
303,9.0,0.0,0.0,19.0,0.0,28.0,0.0,0.0,0.0,0.0,17.0,12.0,28.0,0.0
304,6.0,25.0,19.0,23.0,14.0,0.0,20.0,0.0,0.0,8.0,0.0,21.0,14.0,19.0
305,0.0,0.0,16.0,26.0,16.0,22.0,0.0,0.0,0.0,9.0,5.0,17.0,28.0,9.0
306,24.0,23.0,0.0,0.0,0.0,18.0,19.0,15.0,16.0,25.0,0.0,5.0,10.0,14.0
307,25.0,25.0,0.0,0.0,0.0,0.0,0.0,16.0,11.0,9.0,0.0,25.0,9.0,0.0
308,0.0,29.0,0.0,16.0,0.0,19.0,0.0,27.0,0.0,0.0,0.0,0.0,23.0,18.0
309,0.0,0.0,0.0,0.0,10.0,9.0,7.0,0.0,7.0,0.0,0.0,0.0,12.0,0.0
310,0.0,0.0,22.0,0.0,21.0,26.0,0.0,7.0,0.0,15.0,9.0,21.0,18.0,23.0
311,24.0,5.0,21.0,0.0,0.0,23.0,21.0,20.0,22.0,0.0,25.0,19.0,20.0,0.0
312,0.0,0.0,24.0,9.0,0.0,28.0,0.0,0.0,0.0,27.0,11.0,0.0,16.0,0.0
313,0.0,0.0,0.0,0.0,0.0,17.0,9.0,12.0,0.0,24.0,0.0,19.0,19.0,19.0
314,24.0,0.0,12.0,22.0,0.0,0.0,29.0,13.0,0.0,0.0,19.0,0.0,22.0,0.0
315,10.0,0.0,9.0,7.0,0.0,0.0,29.0,22.0,18.0,0.0,0.0,12.0,0.0,0.0
316,0.0,5.0,0.0,0.0,0.0,17.0,0.0,0.0,19.0,7.0,5.0,7.0,0.0,0.0
317,9.0,28.0,0.0,0.0,0.0,0.0,29.0,26.0,21.0,0.0,10.0,12.0,0.0,16.0
318,19.0,5.0,0.0,14.0,0.0,0.0,0.0,0.0,0.0,0.0,17.0,0.0,0.0,15.0
319,0.0,0.0,0.0,22.0,0.0,0.0,0.0,0.0,0.0,0.0,0.0,27.0,0.0,0.0
320,28.0,0.0,17.0,0.0,27.0,25.0,5.0,0.0,0.0,0.0,0.0,0.0,0.0,22.0
321,14.0,0.0,19.0,21.0,28.0,20.0,28.0,0.0,0.0,0.0,18.0,0.0,0.0,28.0
322,25.0,20.0,0.0,0.0,23.0,0.0,0.0,0.0,0.0,11.0,14.0,0.0,0.0,22.0
323,5.0,23.0,23.0,0.0,0.0,24.0,0.0,19.0,0.0,0.0,14.0,11.0,10.0,18.0
324,6.0,9.0,0.0,9.0,10.0,0.0,0.0,23.0,16.0,0.0,0.0,0.0,10.0,0.0
325,5.0,27.0,21.0,0.0,25.0,6.0,0.0,0.0,8.0,0.0,16.0,0.0,5.0,12.0
326,0.0,0.0,6.0,23.0,0.0,28.0,0.0,0.0,0.0,18.0,27.0,0.0,0.0,19.0
327,6.0,0.0,0.0,0.0,10.0,0.0,0.0,27.0,21.0,21.0,21.0,25.0,18.0,21.0
328,0.0,0.0,17.0,14.0,0.0,28.0,17.0,0.0,0.0,0.0,10.0,0.0,7.0,0.0
329,8.0,0.0,0.0,14.0,28.0,0.0,0.0,0.0,0.0,22.0,0.0,0.0,0.0,0.0
330,0.0,0.0,10.0,23.0,0.0,0.0,0.0,13.0,0.0,10.0,0.0,0.0,0.0,25.0
331,23.0,0.0,15.0,28.0,0.0,0.0,0.0,0.0,0.0,17.0,0.0,13.0,5.0,18.0
332,21.0,7.0,0.0,16.0,0.0,0.0,0.0,0.0,14.0,11.0,0.0,8.0,0.0,0.0
333,6.0,26.0,16.0,0.0,13.0,0.0,0.0,10.0,0.0,6.0,8.0,18.0,17.0,0.0
334,0.0,0.0,0.0,11.0,0.0,25.0,0.0,12.0,0.0,0.0,25.0,5.0,0.0,0.0
335,0.0,14.0,19.0,5.0,15.0,0.0,0.0,0.0,11.0,15.0,0.0,15.0,18.0,16.0
336,0.0,15.0,12.0,0.0,0.0,25.0,8.0,0.0,29.0,0.0,0.0,16.0,0.0,24.0
337,0.0,0.0,21.0,0.0,10.0,0.0,0.0,13.0,26.0,0.0,0.0,15.0,0.0,28.0
338,12.0,0.0,12.0,0.0,0.0,5.0,0.0,0.0,0.0,20.0,24.0,0.0,0.0,22.0
339,23.0,0.0,16.0,12.0,0.0,0.0,0.0,25.0,0.0,23.0,25.0,26.0,0.0,24.0
340,13.0,0.0,29.0,0.0,29.0,0.0,5.0,22.0,11.0,18.0,0.0,10.0,0.0,21.0
341,5.0,13.0,25.0,0.0,0.0,11.0,11.0,0.0,0.0,0.0,0.0,29.0,0.0,0.0
342,0.0,25.0,11.0,0.0,29.0,0.0,12.0,19.0,0.0,0.0,11.0,23.0,14.0,17.0
343,0.0,17.0,0.0,0.0,0.0,0.0,22.0,0.0,0.0,19.0,17.0,22.0,0.0,29.0
344,9.0,10.0,0.0,12.0,0.0,0.0,0.0,18.0,0.0,28.0,20.0,9.0,22.0,24.0
345,0.0,0.0,0.0,15.0,10.0,0.0,0.0,0.0,5.0,0.0,0.0,0.0,14.0,0.0
346,0.0,0.0,0.0,0.0,0.0,7.0,25.0,20.0,0.0,16.0,24.0,0.0,0.0,24.0
347,23.0,0.0,0.0,25.0,0.0,10.0,7.0,6.0,11.0,0.0,0.0,0.0,0.0,0.0
348,7.0,0.0,10.0,0.0,6.0,0.0,16.0,28.0,7.0,23.0,0.0,22.0,24.0,28.0
349,15.0,0.0,0.0,0.0,0.0,25.0,14.0,14.0,0.0,0.0,21.0,27.0,20.0,26.0
350,5.0,0.0,16.0,0.0,8.0,8.0,14.0,0.0,0.0,0.0,24.0,0.0,18.0,0.0
351,26.0,0.0,13.0,0.0,29.0,29.0,23.0,0.0,0.0,0.0,0.0,0.0,0.0,23.0
352,0.0,16.0,0.0,6.0,17.0,0.0,0.0,19.0,17.0,16.0,0.0,18.0,0.0,0.0
353,8.0,26.0,0.0,0.0,0.0,7.0,22.0,19.0,10.0,0.0,0.0,11.0,16.0,8.0
354,8.0,7.0,19.0,19.0,0.0,26.0,0.0,18.0,0.0,5.0,18.0,22.0,12.0,0.0
355,0.0,20.0,18.0,0.0,0.0,0.0,29.0,14.0,0.0,24.0,21.0,20.0,0.0,9.0
356,0.0,0.0,0.0,0.0,0.0,5.0,0.0,0.0,0.0,29.0,0.0,0.0,7.0,0.0
357,0.0,14.0,27.0,0.0,0.0,7.0,0.0,0.0,0.0,0.0,0.0,0.0,0.0,0.0
358,9.0,13.0,16.0,0.0,8.0,0.0,15.0,0.0,0.0,0.0,0.0,8.0,28.0,0.0
359,0.0,22.0,0.0,0.0,0.0,0.0,0.0,6.0,0.0,9.0,21.0,0.0,6.0,0.0
360,0.0,16.0,25.0,23.0,7.0,9.0,0.0,13.0,0.0,12.0,10.0,0.0,10.0,22.0
361,24.0,0.0,29.0,0.0,0.0,0.0,28.0,0.0,7.0,20.0,0.0,0.0,0.0,0.0
362,0.0,6.0,0.0,27.0,14.0,0.0,0.0,0.0,0.0,0.0,22.0,13.0,7.0,0.0
363,6.0,0.0,0.0,17.0,0.0,9.0,19.0,0.0,25.0,7.0,0.0,5.0,19.0,0.0
364,21.0,18.0,0.0,16.0,16.0,0.0,24.0,23.0,9.0,11.0,0.0,0.0,0.0,5.0
365,17.0,20.0,13.0,0.0,0.0,27.0,0.0,0.0,21.0,0.0,29.0,0.0,0.0,0.0
366,23.0,0.0,0.0,5.0,5.0,0.0,15.0,0.0,0.0,0.0,0.0,0.0,0.0,0.0
367,17.0,14.0,12.0,7.0,0.0,7.0,0.0,8.0,0.0,0.0,0.0,16.0,17.0,0.0
368,23.0,0.0,0.0,21.0,22.0,23.0,8.0,0.0,20.0,0.0,0.0,16.0,0.0,7.0
369,21.0,10.0,0.0,0.0,26.0,0.0,29.0,0.0,12.0,18.0,8.0,19.0,0.0,0.0
370,9.0,0.0,0.0,13.0,10.0,0.0,0.0,17.0,0.0,26.0,0.0,27.0,17.0,0.0
371,0.0,12.0,18.0,17.0,0.0,7.0,29.0,29.0,0.0,0.0,0.0,7.0,0.0,0.0
372,0.0,0.0,0.0,20.0,0.0,13.0,28.0,0.0,14.0,18.0,27.0,0.0,18.0,18.0
373,0.0,28.0,18.0,20.0,25.0,18.0,0.0,8.0,0.0,17.0,15.0,0.0,9.0,0.0
374,23.0,0.0,0.0,9.0,0.0,14.0,0.0,13.0,19.0,0.0,0.0,0.0,24.0,24.0
375,0.0,17.0,0.0,28.0,12.0,0.0,12.0,0.0,27.0,20.0,9.0,6.0,16.0,19.0
376,19.0,0.0,24.0,0.0,16.0,0.0,0.0,19.0,0.0,0.0,14.0,6.0,28.0,0.0
377,8.0,0.0,23.0,0.0,0.0,0.0,0.0,0.0,18.0,12.0,0.0,16.0,7.0,0.0
378,0.0,6.0,5.0,19.0,7.0,24.0,0.0,0.0,10.0,21.0,15.0,23.0,0.0,0.0
379,23.0,0.0,18.0,16.0,18.0,0.0,0.0,6.0,0.0,9.0,0.0,0.0,21.0,19.0
380,26.0,14.0,0.0,0.0,0.0,23.0,0.0,14.0,0.0,0.0,15.0,0.0,15.0,14.0
381,0.0,0.0,17.0,0.0,15.0,0.0,0.0,0.0,29.0,0.0,12.0,0.0,0.0,0.0
382,0.0,0.0,0.0,10.0,0.0,28.0,22.0,0.0,9.0,0.0,0.0,0.0,0.0,22.0
383,23.0,0.0,0.0,0.0,26.0,15.0,14.0,0.0,22.0,0.0,18.0,0.0,9.0,12.0
384,15.0,0.0,11.0,0.0,10.0,0.0,25.0,29.0,19.0,6.0,16.0,0.0,0.0,25.0
385,22.0,0.0,0.0,20.0,6.0,0.0,16.0,0.0,23.0,8.0,0.0,0.0,0.0,6.0
386,24.0,21.0,0.0,23.0,0.0,0.0,22.0,0.0,12.0,8.0,0.0,8.0,21.0,6.0
387,22.0,25.0,8.0,6.0,5.0,0.0,0.0,28.0,0.0,0.0,0.0,0.0,6.0,22.0
388,0.0,27.0,0.0,11.0,16.0,0.0,17.0,20.0,0.0,22.0,14.0,0.0,23.0,14.0
389,0.0,26.0,0.0,18.0,9.0,0.0,19.0,0.0,27.0,13.0,0.0,14.0,24.0,0.0
390,22.0,0.0,0.0,10.0,0.0,0.0,0.0,8.0,9.0,0.0,10.0,0.0,10.0,9.0
391,0.0,14.0,0.0,24.0,17.0,10.0,21.0,0.0,19.0,0.0,0.0,19.0,0.0,16.0
392,14.0,22.0,8.0,0.0,0.0,12.0,10.0,0.0,15.0,0.0,25.0,0.0,25.0,0.0
393,0.0,0.0,0.0,0.0,0.0,0.0,5.0,0.0,0.0,0.0,22.0,21.0,22.0,0.0
394,0.0,11.0,10.0,0.0,5.0,9.0,0.0,0.0,0.0,25.0,0.0,11.0,0.0,12.0
395,16.0,26.0,0.0,17.0,0.0,0.0,25.0,0.0,0.0,12.0,20.0,0.0,0.0,0.0
396,29.0,14.0,5.0,0.0,17.0,0.0,0.0,28.0,6.0,21.0,0.0,15.0,0.0,0.0
397,15.0,0.0,0.0,0.0,0.0,15.0,22.0,25.0,0.0,14.0,14.0,0.0,0.0,12.0
398,8.0,18.0,6.0,17.0,12.0,9.0,16.0,9.0,24.0,0.0,0.0,26.0,28.0,21.0
399,0.0,0.0,0.0,0.0,0.0,0.0,0.0,14.0,28.0,0.0,29.0,26.0,9.0,0.0
400,22.0,0.0,18.0,17.0,0.0,23.0,0.0,26.0,0.0,0.0,28.0,0.0,0.0,17.0
401,6.0,0.0,16.0,0.0,0.0,0.0,0.0,5.0,0.0,0.0,16.0,14.0,24.0,12.0
402,19.0,13.0,0.0,10.0,18.0,0.0,17.0,24.0,0.0,0.0,0.0,0.0,28.0,0.0
403,0.0,0.0,16.0,0.0,0.0,21.0,15.0,0.0,19.0,21.0,0.0,0.0,28.0,0.0
404,0.0,9.0,0.0,8.0,7.0,0.0,22.0,12.0,28.0,22.0,0.0,0.0,5.0,25.0
405,0.0,0.0,26.0,0.0,0.0,0.0,0.0,0.0,0.0,27.0,6.0,17.0,0.0,6.0
406,0.0,0.0,0.0,0.0,10.0,0.0,0.0,16.0,0.0,0.0,14.0,28.0,8.0,0.0
407,5.0,0.0,12.0,0.0,0.0,15.0,0.0,0.0,5.0,19.0,21.0,9.0,0.0,5.0
408,21.0,24.0,19.0,0.0,12.0,15.0,19.0,26.0,28.0,10.0,0.0,25.0,16.0,0.0
409,6.0,26.0,25.0,0.0,0.0,18.0,0.0,22.0,0.0,0.0,0.0,0.0,9.0,0.0
410,0.0,0.0,15.0,0.0,0.0,10.0,0.0,23.0,21.0,0.0,17.0,5.0,0.0,17.0
411,0.0,11.0,23.0,0.0,0.0,17.0,0.0,0.0,0.0,23.0,0.0,0.0,14.0,16.0
412,12.0,13.0,12.0,14.0,16.0,0.0,23.0,0.0,0.0,10.0,0.0,0.0,0.0,28.0
413,5.0,23.0,0.0,29.0,28.0,0.0,0.0,0.0,13.0,10.0,0.0,0.0,10.0,25.0
414,0.0,0.0,0.0,8.0,23.0,12.0,0.0,17.0,5.0,21.0,21.0,0.0,17.0,0.0
415,0.0,0.0,14.0,0.0,0.0,0.0,23.0,0.0,0.0,0.0,0.0,17.0,12.0,23.0
416,22.0,12.0,12.0,0.0,5.0,0.0,12.0,0.0,16.0,0.0,0.0,0.0,0.0,0.0
417,0.0,0.0,0.0,17.0,0.0,0.0,9.0,0.0,11.0,0.0,0.0,0.0,5.0,0.0
418,0.0,0.0,28.0,16.0,11.0,0.0,16.0,26.0,0.0,5.0,0.0,15.0,0.0,24.0
419,0.0,6.0,8.0,0.0,0.0,26.0,0.0,11.0,8.0,0.0,27.0,28.0,29.0,14.0
420,29.0,0.0,0.0,14.0,15.0,5.0,0.0,0.0,19.0,0.0,20.0,0.0,14.0,0.0
421,0.0,22.0,0.0,0.0,25.0,0.0,13.0,0.0,0.0,25.0,0.0,27.0,5.0,0.0
422,20.0,0.0,6.0,0.0,0.0,0.0,0.0,14.0,7.0,0.0,25.0,14.0,0.0,0.0
423,17.0,16.0,0.0,12.0,15.0,0.0,25.0,0.0,10.0,6.0,0.0,0.0,0.0,20.0
424,0.0,0.0,19.0,20.0,0.0,0.0,14.0,0.0,28.0,0.0,0.0,0.0,0.0,0.0
425,0.0,0.0,0.0,0.0,19.0,8.0,0.0,14.0,13.0,0.0,11.0,19.0,0.0,18.0
426,0.0,26.0,28.0,0.0,0.0,9.0,0.0,0.0,23.0,19.0,28.0,0.0,22.0,14.0
427,27.0,0.0,24.0,25.0,0.0,0.0,0.0,29.0,0.0,5.0,14.0,0.0,9.0,26.0
428,0.0,0.0,16.0,0.0,22.0,26.0,0.0,0.0,0.0,0.0,12.0,18.0,0.0,14.0
429,26.0,18.0,0.0,11.0,22.0,10.0,0.0,0.0,0.0,18.0,0.0,23.0,12.0,0.0
430,0.0,10.0,0.0,0.0,0.0,29.0,0.0,0.0,0.0,0.0,23.0,0.0,0.0,0.0
431,8.0,0.0,0.0,10.0,28.0,24.0,0.0,0.0,21.0,0.0,0.0,0.0,0.0,0.0
432,11.0,0.0,22.0,0.0,18.0,7.0,12.0,5.0,0.0,0.0,0.0,29.0,19.0,0.0
433,26.0,10.0,0.0,19.0,0.0,0.0,0.0,15.0,25.0,0.0,0.0,0.0,22.0,11.0
434,0.0,0.0,0.0,11.0,23.0,28.0,0.0,8.0,0.0,20.0,10.0,0.0,20.0,7.0
435,19.0,25.0,26.0,0.0,21.0,0.0,0.0,0.0,5.0,28.0,20.0,27.0,26.0,25.0
436,22.0,0.0,12.0,0.0,27.0,25.0,11.0,13.0,0.0,29.0,0.0,0.0,18.0,0.0
437,0.0,26.0,24.0,19.0,29.0,14.0,28.0,5.0,6.0,9.0,12.0,6.0,14.0,5.0
438,0.0,12.0,28.0,5.0,0.0,0.0,7.0,12.0,25.0,0.0,22.0,7.0,12.0,7.0
439,12.0,0.0,0.0,0.0,0.0,0.0,0.0,15.0,17.0,27.0,0.0,7.0,0.0,0.0
440,0.0,0.0,0.0,7.0,8.0,0.0,0.0,10.0,12.0,0.0,0.0,17.0,8.0,17.0
441,22.0,26.0,0.0,25.0,0.0,26.0,14.0,0.0,7.0,0.0,0.0,0.0,0.0,0.0
442,0.0,19.0,11.0,0.0,20.0,26.0,23.0,0.0,7.0,13.0,16.0,0.0,12.0,14.0
443,20.0,24.0,21.0,0.0,0.0,0.0,0.0,25.0,21.0,19.0,22.0,0.0,0.0,0.0
444,0.0,11.0,26.0,19.0,0.0,16.0,0.0,12.0,0.0,0.0,0.0,16.0,0.0,29.0
445,9.0,25.0,0.0,0.0,6.0,0.0,0.0,0.0,0.0,12.0,0.0,0.0,0.0,13.0
446,10.0,0.0,6.0,0.0,0.0,13.0,0.0,0.0,6.0,5.0,7.0,0.0,7.0,24.0
447,15.0,0.0,0.0,13.0,15.0,0.0,0.0,22.0,0.0,0.0,6.0,0.0,0.0,24.0
448,0.0,0.0,25.0,0.0,5.0,0.0,0.0,9.0,18.0,20.0,0.0,0.0,18.0,0.0
449,22.0,28.0,19.0,26.0,0.0,13.0,0.0,10.0,13.0,0.0,0.0,0.0,24.0,0.0
450,6.0,17.0,0.0,17.0,9.0,8.0,0.0,0.0,25.0,0.0,0.0,0.0,8.0,8.0
451,0.0,0.0,18.0,0.0,0.0,16.0,19.0,0.0,5.0,0.0,0.0,8.0,18.0,0.0
452,0.0,13.0,0.0,23.0,7.0,0.0,0.0,19.0,0.0,24.0,18.0,9.0,17.0,0.0
453,0.0,5.0,10.0,0.0,17.0,0.0,0.0,23.0,0.0,16.0,17.0,0.0,7.0,0.0
454,12.0,27.0,17.0,18.0,15.0,10.0,0.0,28.0,28.0,0.0,0.0,13.0,0.0,21.0
455,0.0,19.0,0.0,0.0,24.0,21.0,26.0,0.0,18.0,24.0,0.0,0.0,27.0,20.0
456,0.0,0.0,7.0,0.0,0.0,14.0,0.0,0.0,16.0,28.0,18.0,0.0,17.0,19.0
457,9.0,7.0,0.0,0.0,18.0,15.0,0.0,0.0,15.0,0.0,0.0,0.0,23.0,11.0
458,0.0,0.0,0.0,13.0,14.0,19.0,0.0,14.0,12.0,8.0,20.0,24.0,8.0,14.0
459,26.0,0.0,15.0,17.0,19.0,0.0,26.0,0.0,0.0,0.0,20.0,21.0,0.0,0.0
460,25.0,0.0,28.0,14.0,0.0,0.0,0.0,18.0,0.0,0.0,14.0,0.0,0.0,0.0
461,0.0,19.0,14.0,0.0,0.0,7.0,0.0,21.0,0.0,0.0,8.0,25.0,0.0,0.0
462,27.0,0.0,0.0,7.0,0.0,0.0,26.0,0.0,29.0,0.0,12.0,18.0,29.0,0.0
463,0.0,0.0,0.0,15.0,0.0,0.0,8.0,22.0,0.0,0.0,17.0,0.0,0.0,0.0
464,0.0,13.0,0.0,16.0,0.0,0.0,0.0,29.0,26.0,20.0,0.0,0.0,16.0,0.0
465,0.0,22.0,28.0,12.0,19.0,20.0,0.0,0.0,6.0,8.0,6.0,0.0,14.0,0.0
466,0.0,29.0,5.0,12.0,0.0,0.0,13.0,0.0,0.0,0.0,8.0,0.0,0.0,0.0
467,19.0,0.0,20.0,22.0,0.0,12.0,10.0,6.0,0.0,0.0,0.0,0.0,0.0,0.0
468,10.0,0.0,0.0,0.0,0.0,0.0,0.0,21.0,0.0,0.0,0.0,18.0,0.0,0.0
469,6.0,0.0,0.0,0.0,26.0,0.0,22.0,14.0,0.0,0.0,13.0,0.0,9.0,0.0
470,12.0,0.0,0.0,13.0,25.0,23.0,27.0,0.0,0.0,23.0,0.0,0.0,0.0,0.0
471,7.0,27.0,0.0,14.0,29.0,13.0,0.0,0.0,0.0,10.0,6.0,0.0,0.0,21.0
472,9.0,0.0,24.0,0.0,0.0,26.0,0.0,28.0,27.0,23.0,0.0,11.0,19.0,0.0
473,27.0,0.0,14.0,0.0,0.0,0.0,19.0,8.0,26.0,0.0,0.0,7.0,0.0,0.0
474,0.0,0.0,23.0,29.0,0.0,0.0,0.0,0.0,13.0,23.0,12.0,11.0,0.0,28.0
475,27.0,0.0,11.0,21.0,5.0,17.0,0.0,0.0,0.0,0.0,0.0,5.0,0.0,16.0
476,27.0,11.0,0.0,19.0,18.0,0.0,0.0,10.0,0.0,0.0,8.0,21.0,11.0,14.0
477,29.0,27.0,21.0,0.0,23.0,0.0,0.0,13.0,27.0,11.0,9.0,0.0,12.0,20.0
478,0.0,0.0,20.0,16.0,0.0,0.0,0.0,29.0,9.0,7.0,11.0,0.0,0.0,12.0
479,22.0,0.0,0.0,20.0,23.0,11.0,0.0,8.0,12.0,10.0,29.0,29.0,24.0,0.0
480,9.0,0.0,11.0,18.0,18.0,15.0,16.0,0.0,7.0,0.0,27.0,12.0,0.0,28.0
481,0.0,0.0,0.0,0.0,0.0,0.0,17.0,27.0,6.0,0.0,0.0,25.0,26.0,0.0
482,14.0,0.0,0.0,24.0,0.0,0.0,20.0,0.0,0.0,0.0,0.0,0.0,0.0,25.0
483,14.0,14.0,7.0,11.0,22.0,0.0,0.0,27.0,0.0,0.0,0.0,0.0,0.0,13.0
484,7.0,10.0,0.0,0.0,8.0,15.0,5.0,26.0,0.0,19.0,5.0,0.0,0.0,0.0
485,11.0,0.0,0.0,22.0,0.0,0.0,9.0,0.0,5.0,0.0,20.0,18.0,11.0,27.0
486,27.0,23.0,18.0,23.0,7.0,29.0,0.0,27.0,0.0,0.0,0.0,0.0,0.0,0.0
487,24.0,22.0,0.0,12.0,21.0,0.0,0.0,0.0,10.0,20.0,8.0,0.0,0.0,28.0
488,0.0,0.0,23.0,11.0,10.0,0.0,0.0,24.0,29.0,0.0,0.0,0.0,19.0,0.0
489,0.0,15.0,0.0,0.0,0.0,17.0,0.0,0.0,13.0,0.0,24.0,0.0,29.0,0.0
490,27.0,7.0,22.0,24.0,0.0,0.0,0.0,12.0,0.0,28.0,17.0,14.0,9.0,0.0
491,0.0,15.0,13.0,10.0,0.0,0.0,0.0,14.0,0.0,19.0,14.0,0.0,27.0,0.0
492,0.0,0.0,0.0,0.0,28.0,24.0,0.0,0.0,28.0,14.0,6.0,11.0,7.0,0.0
493,9.0,15.0,0.0,0.0,6.0,14.0,0.0,0.0,10.0,0.0,10.0,0.0,7.0,0.0
494,22.0,25.0,0.0,27.0,23.0,0.0,0.0,0.0,12.0,20.0,18.0,0.0,13.0,0.0
495,21.0,19.0,0.0,19.0,0.0,25.0,0.0,22.0,0.0,13.0,12.0,27.0,10.0,0.0
496,9.0,10.0,17.0,13.0,6.0,0.0,0.0,0.0,9.0,0.0,0.0,25.0,22.0,0.0
497,0.0,8.0,16.0,0.0,0.0,0.0,0.0,0.0,0.0,0.0,0.0,0.0,15.0,0.0
498,0.0,11.0,0.0,0.0,0.0,18.0,0.0,0.0,13.0,28.0,0.0,0.0,15.0,24.0
499,28.0,0.0,24.0,10.0,0.0,21.0,0.0,0.0,6.0,0.0,24.0,0.0,5.0,0.0
500,0.0,0.0,0.0,0.0,0.0,0.0,0.0,0.0,9.0,0.0,15.0,11.0,0.0,27.0
501,9.0,18.0,26.0,0.0,0.0,0.0,14.0,29.0,25.0,0.0,0.0,14.0,26.0,0.0
502,0.0,0.0,16.0,26.0,0.0,10.0,23.0,12.0,0.0,28.0,5.0,7.0,0.0,18.0
503,0.0,11.0,0.0,29.0,0.0,26.0,6.0,10.0,17.0,9.0,0.0,6.0,10.0,9.0
504,0.0,24.0,0.0,0.0,14.0,0.0,10.0,0.0,0.0,21.0,0.0,17.0,18.0,10.0
505,0.0,28.0,0.0,0.0,0.0,0.0,7.0,0.0,18.0,18.0,0.0,0.0,0.0,16.0
506,22.0,0.0,22.0,23.0,0.0,26.0,18.0,24.0,0.0,0.0,8.0,0.0,13.0,0.0
507,0.0,9.0,19.0,11.0,0.0,0.0,0.0,0.0,17.0,14.0,28.0,0.0,0.0,0.0
508,0.0,14.0,25.0,0.0,0.0,0.0,0.0,0.0,0.0,20.0,0.0,14.0,24.0,0.0
509,16.0,0.0,0.0,0.0,15.0,0.0,13.0,6.0,0.0,0.0,24.0,0.0,14.0,7.0
510,0.0,5.0,0.0,0.0,15.0,19.0,14.0,10.0,29.0,8.0,26.0,0.0,0.0,0.0
511,0.0,0.0,14.0,9.0,0.0,22.0,26.0,20.0,26.0,15.0,0.0,0.0,21.0,0.0
512,0.0,12.0,23.0,11.0,0.0,0.0,16.0,0.0,9.0,0.0,0.0,0.0,29.0,0.0
513,0.0,0.0,0.0,0.0,21.0,14.0,0.0,22.0,0.0,22.0,0.0,7.0,17.0,12.0
514,12.0,0.0,0.0,0.0,7.0,0.0,0.0,0.0,7.0,0.0,0.0,28.0,5.0,0.0
515,9.0,20.0,21.0,0.0,0.0,5.0,15.0,0.0,18.0,0.0,0.0,27.0,15.0,0.0
516,0.0,0.0,0.0,0.0,0.0,22.0,10.0,0.0,23.0,0.0,0.0,17.0,0.0,26.0
517,10.0,0.0,6.0,0.0,0.0,18.0,0.0,0.0,0.0,0.0,28.0,5.0,21.0,0.0
518,27.0,0.0,0.0,22.0,0.0,0.0,14.0,6.0,19.0,29.0,0.0,13.0,21.0,0.0
519,0.0,10.0,0.0,0.0,23.0,13.0,0.0,6.0,0.0,0.0,18.0,0.0,26.0,0.0
520,0.0,29.0,22.0,15.0,0.0,19.0,0.0,0.0,20.0,13.0,28.0,0.0,0.0,0.0
521,7.0,28.0,0.0,17.0,27.0,25.0,21.0,15.0,0.0,0.0,27.0,24.0,6.0,12.0
522,0.0,0.0,0.0,0.0,0.0,0.0,29.0,0.0,17.0,23.0,0.0,0.0,12.0,25.0
523,0.0,22.0,21.0,19.0,0.0,0.0,0.0,16.0,0.0,0.0,14.0,0.0,0.0,0.0
524,17.0,6.0,0.0,0.0,0.0,0.0,23.0,0.0,0.0,0.0,5.0,22.0,5.0,29.0
525,0.0,25.0,24.0,28.0,0.0,0.0,11.0,22.0,27.0,10.0,0.0,0.0,0.0,28.0
526,0.0,16.0,0.0,0.0,0.0,0.0,0.0,0.0,0.0,14.0,8.0,26.0,0.0,0.0
527,5.0,23.0,29.0,0.0,0.0,6.0,0.0,5.0,0.0,0.0,0.0,0.0,0.0,20.0
528,21.0,0.0,18.0,14.0,20.0,26.0,0.0,0.0,0.0,0.0,15.0,5.0,19.0,22.0
529,0.0,0.0,24.0,11.0,9.0,0.0,18.0,5.0,11.0,16.0,0.0,0.0,0.0,20.0
530,0.0,10.0,0.0,9.0,0.0,27.0,0.0,24.0,0.0,29.0,18.0,0.0,9.0,14.0
531,0.0,0.0,26.0,26.0,19.0,16.0,0.0,0.0,12.0,0.0,0.0,0.0,0.0,0.0
532,0.0,16.0,25.0,25.0,0.0,0.0,0.0,18.0,8.0,0.0,0.0,10.0,25.0,0.0
533,21.0,0.0,0.0,0.0,12.0,0.0,9.0,0.0,24.0,0.0,11.0,14.0,17.0,17.0
534,22.0,25.0,0.0,9.0,15.0,0.0,24.0,0.0,5.0,0.0,9.0,13.0,20.0,0.0
535,13.0,0.0,15.0,0.0,26.0,24.0,28.0,0.0,16.0,14.0,0.0,21.0,0.0,19.0
536,0.0,25.0,19.0,10.0,9.0,0.0,25.0,0.0,0.0,0.0,0.0,0.0,23.0,11.0
537,0.0,11.0,0.0,0.0,14.0,0.0,0.0,26.0,29.0,19.0,19.0,21.0,0.0,0.0
538,0.0,0.0,28.0,28.0,25.0,9.0,17.0,0.0,14.0,0.0,9.0,0.0,0.0,0.0
539,7.0,22.0,0.0,0.0,19.0,7.0,0.0,0.0,0.0,0.0,22.0,0.0,14.0,26.0
540,11.0,23.0,23.0,0.0,15.0,0.0,29.0,0.0,13.0,18.0,0.0,0.0,14.0,0.0
541,0.0,0.0,0.0,13.0,0.0,0.0,0.0,25.0,22.0,5.0,0.0,0.0,12.0,0.0
542,0.0,18.0,0.0,5.0,27.0,0.0,22.0,22.0,0.0,0.0,7.0,0.0,0.0,28.0
543,0.0,17.0,0.0,11.0,0.0,12.0,0.0,15.0,0.0,9.0,27.0,15.0,0.0,11.0
544,0.0,14.0,18.0,0.0,11.0,10.0,17.0,0.0,15.0,0.0,10.0,21.0,0.0,8.0
545,0.0,17.0,0.0,25.0,14.0,24.0,15.0,0.0,17.0,0.0,14.0,25.0,0.0,0.0
546,20.0,0.0,9.0,29.0,11.0,0.0,9.0,0.0,21.0,0.0,25.0,0.0,0.0,16.0
547,22.0,26.0,0.0,9.0,0.0,0.0,0.0,0.0,24.0,0.0,0.0,0.0,0.0,0.0
548,0.0,20.0,0.0,0.0,0.0,0.0,28.0,0.0,0.0,0.0,25.0,25.0,19.0,0.0
549,0.0,0.0,0.0,14.0,0.0,0.0,0.0,27.0,0.0,0.0,0.0,11.0,22.0,0.0
550,27.0,21.0,0.0,17.0,0.0,0.0,0.0,22.0,23.0,17.0,29.0,29.0,21.0,18.0
551,0.0,17.0,0.0,0.0,0.0,19.0,22.0,0.0,0.0,0.0,0.0,24.0,9.0,21.0
552,0.0,0.0,15.0,0.0,0.0,21.0,0.0,22.0,0.0,0.0,13.0,0.0,8.0,0.0
553,17.0,20.0,0.0,0.0,9.0,0.0,7.0,19.0,19.0,10.0,25.0,0.0,15.0,0.0
554,14.0,6.0,0.0,22.0,24.0,25.0,14.0,14.0,0.0,0.0,22.0,29.0,12.0,0.0
555,0.0,0.0,0.0,25.0,16.0,0.0,0.0,0.0,25.0,0.0,5.0,28.0,0.0,19.0
556,0.0,0.0,27.0,29.0,0.0,7.0,23.0,0.0,0.0,22.0,20.0,0.0,0.0,0.0
557,0.0,0.0,29.0,27.0,0.0,0.0,0.0,6.0,27.0,0.0,0.0,0.0,0.0,0.0
558,29.0,0.0,0.0,11.0,7.0,0.0,16.0,18.0,13.0,26.0,0.0,22.0,0.0,0.0
559,0.0,0.0,13.0,11.0,0.0,0.0,0.0,0.0,25.0,19.0,0.0,0.0,15.0,6.0
560,0.0,19.0,22.0,23.0,0.0,0.0,21.0,24.0,24.0,8.0,22.0,6.0,13.0,0.0
561,7.0,18.0,0.0,17.0,13.0,26.0,0.0,9.0,0.0,0.0,26.0,0.0,12.0,10.0
562,0.0,23.0,0.0,0.0,0.0,0.0,0.0,0.0,20.0,29.0,27.0,26.0,0.0,6.0
563,16.0,19.0,0.0,0.0,19.0,0.0,22.0,0.0,0.0,0.0,9.0,24.0,0.0,0.0
564,25.0,22.0,14.0,0.0,24.0,0.0,24.0,0.0,21.0,13.0,9.0,0.0,0.0,0.0
565,14.0,7.0,20.0,28.0,10.0,29.0,25.0,19.0,0.0,5.0,0.0,16.0,0.0,23.0
566,0.0,0.0,7.0,8.0,7.0,0.0,0.0,29.0,0.0,28.0,0.0,0.0,11.0,0.0
567,20.0,5.0,18.0,0.0,27.0,9.0,25.0,20.0,22.0,0.0,0.0,0.0,29.0,13.0
568,10.0,0.0,0.0,11.0,19.0,25.0,7.0,11.0,0.0,0.0,0.0,0.0,11.0,0.0
569,10.0,0.0,0.0,0.0,0.0,0.0,21.0,10.0,23.0,23.0,0.0,0.0,0.0,0.0
570,9.0,13.0,9.0,0.0,0.0,6.0,17.0,12.0,0.0,23.0,0.0,0.0,0.0,0.0
571,0.0,12.0,0.0,0.0,0.0,24.0,29.0,0.0,0.0,0.0,0.0,24.0,0.0,13.0
572,0.0,0.0,7.0,11.0,21.0,24.0,7.0,0.0,0.0,0.0,0.0,0.0,0.0,9.0
573,0.0,0.0,8.0,0.0,20.0,5.0,5.0,0.0,7.0,0.0,0.0,19.0,0.0,27.0
574,0.0,0.0,0.0,27.0,0.0,0.0,25.0,0.0,0.0,0.0,25.0,16.0,0.0,0.0
575,0.0,24.0,0.0,0.0,0.0,10.0,0.0,0.0,24.0,20.0,0.0,28.0,22.0,0.0
576,28.0,0.0,0.0,0.0,11.0,0.0,0.0,0.0,0.0,0.0,0.0,0.0,15.0,0.0
577,0.0,0.0,26.0,0.0,29.0,17.0,0.0,0.0,8.0,19.0,14.0,22.0,0.0,0.0
578,0.0,0.0,16.0,0.0,13.0,16.0,0.0,0.0,12.0,0.0,0.0,0.0,0.0,0.0
579,18.0,0.0,0.0,0.0,0.0,26.0,25.0,27.0,26.0,0.0,0.0,25.0,22.0,27.0
580,0.0,0.0,0.0,0.0,9.0,0.0,13.0,0.0,0.0,14.0,0.0,23.0,0.0,0.0
581,0.0,0.0,10.0,0.0,0.0,0.0,0.0,8.0,0.0,0.0,0.0,0.0,27.0,0.0
582,0.0,16.0,0.0,29.0,9.0,22.0,29.0,17.0,0.0,23.0,0.0,23.0,0.0,23.0
583,25.0,5.0,0.0,21.0,16.0,0.0,0.0,10.0,10.0,28.0,8.0,0.0,0.0,0.0
584,0.0,20.0,0.0,0.0,14.0,16.0,0.0,0.0,14.0,0.0,0.0,0.0,20.0,15.0
585,0.0,19.0,16.0,6.0,27.0,0.0,0.0,0.0,10.0,0.0,17.0,17.0,18.0,0.0
586,0.0,0.0,0.0,0.0,7.0,0.0,16.0,0.0,20.0,27.0,0.0,0.0,0.0,0.0
587,21.0,17.0,14.0,11.0,0.0,0.0,0.0,0.0,13.0,6.0,0.0,17.0,26.0,0.0
588,0.0,24.0,7.0,0.0,17.0,0.0,0.0,0.0,0.0,16.0,18.0,20.0,25.0,0.0
589,0.0,0.0,8.0,18.0,22.0,21.0,0.0,0.0,0.0,0.0,0.0,19.0,5.0,9.0
590,10.0,24.0,22.0,0.0,0.0,0.0,0.0,15.0,23.0,10.0,0.0,0.0,28.0,12.0
591,0.0,0.0,0.0,0.0,0.0,0.0,0.0,0.0,0.0,0.0,0.0,21.0,22.0,20.0
592,0.0,9.0,26.0,0.0,0.0,13.0,0.0,0.0,21.0,8.0,16.0,0.0,28.0,0.0
593,21.0,9.0,17.0,12.0,0.0,0.0,0.0,0.0,0.0,0.0,10.0,28.0,0.0,0.0
594,6.0,0.0,0.0,0.0,0.0,27.0,16.0,0.0,0.0,12.0,24.0,17.0,27.0,0.0
595,23.0,0.0,0.0,5.0,0.0,20.0,13.0,10.0,0.0,20.0,0.0,13.0,0.0,0.0
596,0.0,0.0,0.0,0.0,8.0,29.0,17.0,7.0,18.0,0.0,6.0,0.0,0.0,17.0
597,14.0,0.0,19.0,26.0,9.0,19.0,0.0,11.0,0.0,0.0,23.0,0.0,20.0,0.0
598,0.0,26.0,0.0,13.0,0.0,21.0,24.0,27.0,21.0,21.0,12.0,27.0,0.0,18.0
599,19.0,0.0,0.0,0.0,0.0,0.0,0.0,5.0,11.0,0.0,28.0,29.0,11.0,0.0
600,23.0,10.0,0.0,0.0,6.0,0.0,5.0,0.0,12.0,0.0,11.0,0.0,0.0,0.0
601,0.0,16.0,0.0,16.0,13.0,27.0,22.0,15.0,6.0,14.0,29.0,28.0,14.0,0.0
602,0.0,6.0,28.0,0.0,0.0,29.0,0.0,25.0,29.0,0.0,8.0,0.0,7.0,13.0
603,12.0,22.0,0.0,8.0,12.0,9.0,7.0,0.0,16.0,25.0,29.0,15.0,0.0,0.0
604,12.0,0.0,0.0,25.0,0.0,0.0,0.0,0.0,0.0,0.0,5.0,25.0,0.0,25.0
605,5.0,11.0,0.0,16.0,28.0,0.0,0.0,0.0,10.0,0.0,0.0,7.0,0.0,18.0
606,20.0,0.0,25.0,0.0,6.0,19.0,0.0,26.0,0.0,0.0,0.0,12.0,0.0,0.0
607,19.0,25.0,25.0,0.0,22.0,0.0,0.0,0.0,0.0,6.0,11.0,0.0,6.0,0.0
608,26.0,0.0,0.0,0.0,0.0,19.0,23.0,0.0,0.0,8.0,0.0,0.0,17.0,0.0
609,0.0,27.0,0.0,0.0,7.0,19.0,0.0,22.0,0.0,7.0,11.0,16.0,15.0,0.0
610,12.0,11.0,15.0,20.0,12.0,20.0,0.0,14.0,0.0,0.0,0.0,14.0,0.0,0.0
611,18.0,0.0,0.0,23.0,0.0,0.0,29.0,10.0,0.0,0.0,27.0,14.0,21.0,0.0
612,18.0,0.0,0.0,12.0,23.0,0.0,0.0,16.0,0.0,0.0,28.0,0.0,0.0,15.0
613,0.0,0.0,0.0,27.0,23.0,0.0,0.0,6.0,28.0,29.0,0.0,0.0,29.0,0.0
614,0.0,12.0,8.0,0.0,13.0,10.0,0.0,0.0,0.0,0.0,13.0,20.0,16.0,21.0
615,9.0,10.0,0.0,0.0,0.0,9.0,24.0,0.0,0.0,0.0,0.0,23.0,0.0,10.0
616,0.0,12.0,29.0,0.0,0.0,0.0,22.0,0.0,13.0,18.0,0.0,9.0,0.0,0.0
617,29.0,0.0,0.0,15.0,16.0,0.0,0.0,0.0,10.0,0.0,0.0,11.0,29.0,0.0
618,28.0,0.0,0.0,18.0,0.0,0.0,11.0,0.0,10.0,0.0,21.0,0.0,26.0,12.0
619,27.0,12.0,7.0,0.0,5.0,26.0,0.0,12.0,0.0,27.0,29.0,24.0,21.0,0.0
620,0.0,25.0,0.0,0.0,0.0,26.0,7.0,0.0,0.0,14.0,26.0,0.0,6.0,18.0
621,7.0,0.0,22.0,18.0,0.0,0.0,0.0,21.0,7.0,0.0,17.0,0.0,0.0,0.0
622,25.0,14.0,18.0,11.0,7.0,0.0,0.0,15.0,0.0,0.0,0.0,12.0,0.0,0.0
623,0.0,0.0,26.0,28.0,8.0,27.0,0.0,0.0,0.0,0.0,0.0,15.0,0.0,0.0
624,0.0,0.0,9.0,24.0,15.0,0.0,0.0,0.0,18.0,0.0,0.0,8.0,0.0,12.0
625,0.0,17.0,21.0,13.0,12.0,11.0,6.0,0.0,17.0,8.0,0.0,18.0,0.0,0.0
626,20.0,26.0,19.0,0.0,19.0,0.0,22.0,0.0,0.0,21.0,14.0,0.0,0.0,15.0
627,18.0,7.0,6.0,0.0,21.0,8.0,9.0,0.0,0.0,0.0,11.0,0.0,0.0,0.0
628,0.0,13.0,22.0,10.0,0.0,0.0,10.0,0.0,22.0,22.0,21.0,0.0,7.0,0.0
629,0.0,0.0,0.0,24.0,0.0,7.0,0.0,17.0,0.0,19.0,21.0,0.0,5.0,17.0
630,0.0,0.0,0.0,16.0,0.0,0.0,6.0,0.0,0.0,0.0,9.0,0.0,22.0,0.0
631,0.0,0.0,0.0,0.0,0.0,0.0,0.0,6.0,15.0,28.0,10.0,10.0,18.0,15.0
632,24.0,0.0,0.0,12.0,0.0,20.0,25.0,16.0,15.0,23.0,27.0,22.0,14.0,9.0
633,0.0,9.0,0.0,0.0,15.0,20.0,6.0,0.0,8.0,0.0,8.0,17.0,0.0,5.0
634,19.0,11.0,5.0,0.0,12.0,8.0,14.0,0.0,0.0,28.0,21.0,0.0,7.0,0.0
635,0.0,0.0,29.0,10.0,0.0,0.0,0.0,10.0,12.0,22.0,0.0,0.0,10.0,0.0
636,13.0,5.0,0.0,0.0,0.0,16.0,19.0,0.0,0.0,0.0,22.0,11.0,0.0,25.0
637,6.0,0.0,0.0,20.0,12.0,0.0,0.0,10.0,0.0,0.0,0.0,0.0,18.0,10.0
638,21.0,5.0,15.0,28.0,0.0,0.0,5.0,0.0,24.0,0.0,23.0,17.0,0.0,0.0
639,0.0,0.0,0.0,25.0,9.0,14.0,7.0,0.0,20.0,27.0,0.0,0.0,0.0,0.0
640,21.0,0.0,0.0,0.0,0.0,19.0,0.0,0.0,0.0,0.0,29.0,0.0,0.0,0.0
641,0.0,7.0,0.0,10.0,0.0,0.0,21.0,0.0,29.0,20.0,9.0,0.0,13.0,0.0
642,24.0,0.0,0.0,11.0,0.0,13.0,10.0,23.0,25.0,0.0,8.0,8.0,9.0,0.0
643,0.0,0.0,25.0,0.0,7.0,26.0,11.0,0.0,0.0,6.0,0.0,6.0,28.0,0.0
644,16.0,22.0,0.0,27.0,0.0,28.0,29.0,0.0,0.0,0.0,0.0,20.0,0.0,0.0
645,0.0,0.0,0.0,19.0,0.0,0.0,0.0,0.0,0.0,9.0,9.0,0.0,0.0,0.0
646,0.0,0.0,28.0,15.0,0.0,0.0,0.0,24.0,0.0,0.0,20.0,11.0,0.0,14.0
647,0.0,26.0,8.0,11.0,23.0,20.0,28.0,22.0,18.0,0.0,0.0,8.0,8.0,0.0
648,17.0,0.0,18.0,23.0,21.0,21.0,12.0,14.0,26.0,18.0,5.0,0.0,0.0,0.0
649,0.0,10.0,0.0,0.0,19.0,26.0,0.0,13.0,10.0,23.0,0.0,0.0,0.0,8.0
650,0.0,0.0,5.0,28.0,0.0,0.0,13.0,0.0,27.0,0.0,17.0,18.0,23.0,0.0
651,11.0,0.0,0.0,8.0,0.0,0.0,0.0,0.0,20.0,0.0,13.0,15.0,9.0,0.0
652,17.0,22.0,0.0,0.0,0.0,29.0,0.0,0.0,8.0,0.0,12.0,5.0,11.0,0.0
653,23.0,21.0,9.0,0.0,17.0,9.0,27.0,15.0,19.0,0.0,17.0,0.0,0.0,0.0
654,0.0,0.0,25.0,24.0,23.0,0.0,22.0,7.0,18.0,23.0,7.0,17.0,0.0,0.0
655,15.0,0.0,23.0,0.0,16.0,7.0,0.0,29.0,0.0,28.0,0.0,0.0,27.0,0.0
656,0.0,13.0,0.0,23.0,0.0,10.0,0.0,0.0,10.0,0.0,0.0,0.0,0.0,12.0
657,28.0,27.0,0.0,0.0,0.0,0.0,24.0,6.0,0.0,8.0,0.0,7.0,10.0,19.0
658,0.0,0.0,8.0,9.0,9.0,0.0,0.0,0.0,0.0,0.0,23.0,0.0,0.0,0.0
659,0.0,0.0,8.0,0.0,0.0,0.0,23.0,0.0,13.0,15.0,0.0,9.0,29.0,0.0
660,0.0,25.0,0.0,26.0,0.0,0.0,0.0,24.0,26.0,0.0,9.0,16.0,17.0,0.0
661,23.0,0.0,0.0,0.0,20.0,13.0,6.0,26.0,28.0,0.0,16.0,0.0,0.0,0.0
662,0.0,0.0,27.0,29.0,8.0,13.0,19.0,0.0,7.0,19.0,0.0,0.0,14.0,0.0
663,0.0,0.0,8.0,7.0,25.0,0.0,18.0,8.0,10.0,0.0,0.0,20.0,0.0,0.0
664,0.0,17.0,19.0,0.0,8.0,5.0,0.0,0.0,0.0,0.0,16.0,6.0,0.0,0.0
665,17.0,27.0,8.0,0.0,17.0,0.0,0.0,0.0,0.0,12.0,0.0,28.0,27.0,0.0
666,6.0,9.0,0.0,19.0,21.0,16.0,19.0,25.0,24.0,0.0,0.0,0.0,17.0,0.0
667,0.0,0.0,0.0,0.0,14.0,0.0,19.0,0.0,14.0,0.0,0.0,0.0,28.0,9.0
668,13.0,26.0,21.0,10.0,18.0,0.0,6.0,0.0,0.0,0.0,14.0,15.0,0.0,20.0
669,0.0,8.0,0.0,0.0,11.0,15.0,16.0,0.0,28.0,26.0,23.0,16.0,9.0,26.0
670,0.0,19.0,17.0,14.0,0.0,0.0,12.0,6.0,0.0,0.0,0.0,8.0,10.0,12.0
671,18.0,19.0,19.0,0.0,0.0,0.0,23.0,24.0,8.0,14.0,0.0,18.0,0.0,0.0
672,12.0,26.0,0.0,23.0,0.0,0.0,11.0,0.0,9.0,0.0,0.0,0.0,21.0,6.0
673,0.0,29.0,0.0,0.0,0.0,6.0,23.0,11.0,28.0,0.0,8.0,16.0,10.0,19.0
674,0.0,18.0,19.0,0.0,0.0,5.0,13.0,6.0,0.0,9.0,0.0,17.0,0.0,0.0
675,27.0,0.0,0.0,9.0,21.0,0.0,20.0,24.0,0.0,0.0,0.0,0.0,10.0,0.0
676,9.0,24.0,8.0,0.0,0.0,0.0,19.0,17.0,16.0,0.0,19.0,12.0,0.0,12.0
677,0.0,6.0,16.0,15.0,17.0,6.0,0.0,11.0,0.0,0.0,0.0,0.0,15.0,0.0
678,21.0,0.0,12.0,0.0,9.0,13.0,0.0,29.0,12.0,0.0,0.0,29.0,0.0,25.0
679,0.0,11.0,0.0,0.0,0.0,0.0,0.0,6.0,27.0,0.0,0.0,0.0,0.0,0.0
680,19.0,0.0,28.0,0.0,0.0,13.0,5.0,26.0,26.0,12.0,22.0,0.0,22.0,0.0
681,0.0,8.0,25.0,0.0,23.0,0.0,5.0,0.0,21.0,0.0,22.0,0.0,0.0,20.0
682,13.0,0.0,0.0,0.0,0.0,0.0,29.0,19.0,8.0,0.0,16.0,0.0,17.0,18.0
683,0.0,0.0,12.0,0.0,0.0,0.0,0.0,0.0,21.0,0.0,0.0,17.0,0.0,19.0
684,7.0,11.0,12.0,0.0,0.0,21.0,0.0,9.0,0.0,0.0,0.0,18.0,13.0,29.0
685,0.0,12.0,12.0,0.0,0.0,0.0,28.0,29.0,0.0,0.0,7.0,0.0,15.0,10.0
686,0.0,12.0,26.0,15.0,0.0,0.0,18.0,5.0,0.0,0.0,0.0,0.0,0.0,17.0
687,17.0,16.0,5.0,0.0,0.0,6.0,25.0,0.0,0.0,0.0,7.0,10.0,0.0,13.0
688,21.0,0.0,0.0,0.0,15.0,0.0,19.0,0.0,28.0,0.0,7.0,0.0,12.0,0.0
689,24.0,0.0,0.0,16.0,0.0,10.0,8.0,27.0,6.0,0.0,0.0,9.0,24.0,0.0
690,0.0,0.0,14.0,10.0,0.0,0.0,0.0,22.0,26.0,17.0,0.0,18.0,0.0,23.0
691,6.0,0.0,0.0,0.0,17.0,0.0,14.0,7.0,0.0,0.0,0.0,0.0,0.0,0.0
692,0.0,0.0,21.0,8.0,8.0,24.0,0.0,0.0,11.0,0.0,0.0,11.0,0.0,0.0
693,7.0,0.0,19.0,19.0,0.0,24.0,0.0,0.0,0.0,0.0,9.0,24.0,22.0,0.0
694,0.0,14.0,0.0,0.0,27.0,0.0,27.0,26.0,0.0,7.0,0.0,0.0,28.0,5.0
695,21.0,29.0,0.0,12.0,6.0,0.0,0.0,0.0,0.0,20.0,18.0,27.0,0.0,0.0
696,0.0,9.0,20.0,15.0,24.0,0.0,28.0,16.0,9.0,29.0,0.0,6.0,0.0,0.0
697,26.0,0.0,0.0,0.0,23.0,19.0,18.0,0.0,0.0,21.0,5.0,0.0,27.0,14.0
698,0.0,0.0,0.0,12.0,11.0,0.0,11.0,0.0,27.0,5.0,0.0,0.0,0.0,22.0
699,0.0,13.0,0.0,0.0,0.0,11.0,0.0,0.0,0.0,0.0,19.0,0.0,24.0,24.0
700,13.0,18.0,24.0,0.0,16.0,0.0,0.0,8.0,0.0,0.0,26.0,0.0,7.0,7.0
701,0.0,0.0,0.0,7.0,0.0,0.0,0.0,26.0,0.0,22.0,14.0,0.0,0.0,16.0
702,20.0,6.0,0.0,0.0,18.0,10.0,12.0,0.0,10.0,0.0,17.0,0.0,0.0,10.0
703,0.0,0.0,7.0,0.0,7.0,16.0,14.0,28.0,0.0,12.0,19.0,14.0,23.0,22.0
704,0.0,11.0,18.0,9.0,0.0,13.0,13.0,0.0,17.0,18.0,5.0,21.0,0.0,21.0
705,0.0,0.0,7.0,0.0,0.0,14.0,27.0,0.0,0.0,0.0,0.0,0.0,19.0,9.0
706,0.0,0.0,0.0,12.0,0.0,14.0,0.0,0.0,0.0,0.0,0.0,0.0,20.0,0.0
707,0.0,8.0,29.0,7.0,24.0,23.0,12.0,29.0,0.0,0.0,9.0,24.0,0.0,0.0
708,0.0,0.0,20.0,26.0,25.0,0.0,0.0,17.0,22.0,13.0,27.0,22.0,9.0,27.0
709,8.0,27.0,20.0,13.0,0.0,0.0,14.0,0.0,0.0,0.0,0.0,0.0,16.0,11.0
710,0.0,0.0,0.0,0.0,0.0,19.0,0.0,7.0,29.0,0.0,29.0,29.0,16.0,0.0
711,0.0,0.0,0.0,10.0,0.0,0.0,0.0,0.0,9.0,0.0,0.0,0.0,12.0,29.0
712,18.0,22.0,5.0,7.0,10.0,15.0,0.0,10.0,23.0,15.0,0.0,14.0,22.0,0.0
713,0.0,0.0,13.0,7.0,26.0,16.0,15.0,0.0,18.0,27.0,9.0,26.0,0.0,24.0
714,23.0,0.0,0.0,0.0,0.0,0.0,0.0,8.0,0.0,0.0,8.0,18.0,0.0,0.0
715,0.0,27.0,0.0,0.0,12.0,19.0,0.0,0.0,0.0,6.0,0.0,0.0,17.0,0.0
716,17.0,20.0,0.0,5.0,0.0,0.0,18.0,0.0,5.0,0.0,12.0,0.0,0.0,0.0
717,26.0,0.0,0.0,0.0,0.0,29.0,27.0,29.0,9.0,15.0,10.0,0.0,9.0,0.0
718,10.0,23.0,0.0,12.0,14.0,0.0,0.0,0.0,0.0,5.0,6.0,7.0,15.0,26.0
719,0.0,11.0,0.0,0.0,26.0,23.0,0.0,0.0,0.0,0.0,0.0,26.0,10.0,7.0
720,0.0,14.0,16.0,0.0,0.0,0.0,7.0,0.0,25.0,0.0,14.0,21.0,22.0,11.0
721,0.0,21.0,0.0,14.0,0.0,0.0,0.0,10.0,25.0,0.0,0.0,0.0,0.0,0.0
722,0.0,0.0,9.0,0.0,0.0,18.0,6.0,0.0,0.0,0.0,19.0,25.0,24.0,29.0
723,16.0,6.0,10.0,21.0,23.0,8.0,5.0,0.0,8.0,0.0,0.0,28.0,22.0,0.0
724,0.0,0.0,0.0,0.0,18.0,9.0,0.0,18.0,0.0,28.0,0.0,23.0,0.0,13.0
725,26.0,0.0,17.0,29.0,28.0,0.0,0.0,27.0,0.0,24.0,13.0,11.0,0.0,28.0
726,0.0,0.0,0.0,0.0,0.0,0.0,14.0,0.0,0.0,9.0,18.0,0.0,13.0,0.0
727,0.0,17.0,28.0,17.0,8.0,26.0,15.0,0.0,0.0,13.0,22.0,0.0,26.0,17.0
728,0.0,11.0,13.0,0.0,0.0,17.0,19.0,0.0,0.0,24.0,21.0,24.0,12.0,0.0
729,0.0,0.0,9.0,0.0,15.0,20.0,8.0,28.0,6.0,29.0,0.0,0.0,12.0,0.0
730,0.0,24.0,0.0,9.0,29.0,0.0,7.0,18.0,15.0,0.0,0.0,0.0,17.0,0.0
731,0.0,0.0,0.0,0.0,0.0,0.0,0.0,0.0,22.0,22.0,0.0,0.0,6.0,0.0
732,28.0,28.0,5.0,14.0,0.0,23.0,24.0,27.0,27.0,0.0,0.0,18.0,17.0,6.0
733,0.0,14.0,0.0,0.0,15.0,21.0,0.0,0.0,25.0,0.0,15.0,17.0,0.0,0.0
734,0.0,0.0,21.0,11.0,13.0,0.0,11.0,29.0,19.0,0.0,6.0,0.0,28.0,5.0
735,26.0,0.0,0.0,0.0,0.0,27.0,0.0,0.0,0.0,19.0,9.0,0.0,16.0,0.0
736,16.0,11.0,0.0,0.0,16.0,0.0,0.0,0.0,22.0,0.0,16.0,0.0,6.0,6.0
737,15.0,0.0,16.0,0.0,0.0,0.0,0.0,0.0,0.0,0.0,20.0,0.0,27.0,25.0
738,22.0,0.0,0.0,6.0,0.0,9.0,0.0,0.0,0.0,0.0,12.0,0.0,0.0,0.0
739,17.0,27.0,15.0,0.0,16.0,14.0,23.0,0.0,0.0,0.0,5.0,9.0,7.0,0.0
740,0.0,0.0,0.0,27.0,25.0,0.0,27.0,0.0,11.0,0.0,23.0,20.0,6.0,0.0
741,0.0,28.0,9.0,0.0,18.0,21.0,0.0,0.0,20.0,14.0,8.0,0.0,20.0,7.0
742,20.0,26.0,10.0,0.0,0.0,21.0,16.0,17.0,14.0,0.0,10.0,16.0,5.0,22.0
743,0.0,0.0,0.0,16.0,6.0,13.0,0.0,0.0,27.0,0.0,0.0,0.0,12.0,16.0
744,15.0,0.0,0.0,0.0,12.0,0.0,22.0,0.0,10.0,0.0,18.0,9.0,18.0,0.0
745,9.0,0.0,0.0,0.0,0.0,0.0,0.0,23.0,29.0,0.0,0.0,0.0,0.0,9.0
746,0.0,10.0,0.0,0.0,12.0,0.0,15.0,0.0,0.0,0.0,0.0,0.0,23.0,0.0
747,10.0,0.0,23.0,0.0,6.0,12.0,28.0,13.0,0.0,28.0,0.0,26.0,0.0,6.0
748,11.0,0.0,0.0,29.0,0.0,0.0,23.0,9.0,0.0,26.0,0.0,0.0,0.0,24.0
749,0.0,15.0,0.0,0.0,15.0,0.0,0.0,18.0,28.0,0.0,18.0,12.0,29.0,0.0
750,0.0,9.0,22.0,0.0,28.0,6.0,19.0,0.0,0.0,0.0,15.0,5.0,0.0,7.0
751,27.0,11.0,10.0,29.0,15.0,20.0,18.0,24.0,0.0,0.0,21.0,0.0,0.0,15.0
752,23.0,0.0,0.0,25.0,0.0,23.0,0.0,0.0,11.0,27.0,7.0,0.0,18.0,0.0
753,13.0,0.0,0.0,22.0,17.0,9.0,0.0,0.0,0.0,27.0,0.0,0.0,25.0,16.0
754,23.0,0.0,7.0,16.0,0.0,14.0,11.0,22.0,0.0,0.0,9.0,0.0,0.0,0.0
755,10.0,0.0,11.0,9.0,0.0,21.0,0.0,7.0,16.0,0.0,0.0,0.0,0.0,0.0
756,0.0,0.0,0.0,29.0,0.0,22.0,0.0,0.0,29.0,22.0,9.0,0.0,29.0,19.0
757,0.0,5.0,0.0,0.0,15.0,25.0,0.0,5.0,18.0,25.0,0.0,0.0,21.0,0.0
758,24.0,29.0,19.0,0.0,21.0,20.0,0.0,23.0,10.0,0.0,26.0,0.0,0.0,0.0
759,18.0,0.0,0.0,0.0,7.0,9.0,13.0,17.0,0.0,12.0,0.0,0.0,13.0,0.0
760,0.0,25.0,0.0,24.0,0.0,12.0,29.0,29.0,13.0,11.0,0.0,19.0,0.0,0.0
761,0.0,0.0,7.0,0.0,8.0,0.0,16.0,11.0,0.0,0.0,0.0,19.0,0.0,27.0
762,0.0,5.0,9.0,7.0,0.0,9.0,0.0,15.0,0.0,23.0,0.0,16.0,0.0,23.0
763,23.0,21.0,8.0,0.0,0.0,21.0,0.0,12.0,16.0,0.0,0.0,0.0,26.0,0.0
764,0.0,0.0,11.0,0.0,0.0,12.0,0.0,20.0,0.0,16.0,0.0,0.0,23.0,0.0
765,12.0,0.0,0.0,0.0,21.0,0.0,0.0,26.0,0.0,10.0,13.0,10.0,0.0,16.0
766,0.0,16.0,0.0,0.0,13.0,22.0,0.0,18.0,0.0,10.0,0.0,7.0,0.0,12.0
767,5.0,16.0,0.0,0.0,0.0,0.0,5.0,25.0,11.0,0.0,0.0,23.0,28.0,0.0
768,0.0,0.0,0.0,0.0,0.0,0.0,0.0,0.0,7.0,6.0,0.0,10.0,7.0,22.0
769,0.0,11.0,12.0,26.0,6.0,0.0,0.0,0.0,0.0,0.0,0.0,7.0,28.0,0.0
770,5.0,0.0,0.0,0.0,0.0,17.0,19.0,0.0,18.0,27.0,0.0,23.0,0.0,23.0
771,29.0,14.0,0.0,0.0,0.0,8.0,0.0,16.0,0.0,0.0,5.0,14.0,0.0,9.0
772,20.0,0.0,0.0,8.0,14.0,0.0,0.0,0.0,0.0,7.0,15.0,6.0,6.0,25.0
773,0.0,0.0,0.0,11.0,18.0,6.0,0.0,0.0,0.0,0.0,8.0,20.0,0.0,0.0
774,18.0,19.0,0.0,12.0,0.0,0.0,0.0,0.0,14.0,0.0,29.0,0.0,29.0,19.0
775,0.0,0.0,17.0,22.0,18.0,13.0,21.0,0.0,0.0,25.0,0.0,0.0,12.0,12.0
776,0.0,6.0,5.0,0.0,29.0,0.0,0.0,0.0,25.0,0.0,0.0,0.0,17.0,21.0
777,0.0,0.0,11.0,23.0,0.0,0.0,0.0,23.0,0.0,22.0,19.0,15.0,0.0,16.0
778,0.0,0.0,0.0,0.0,0.0,8.0,11.0,16.0,0.0,15.0,21.0,0.0,0.0,26.0
779,0.0,0.0,12.0,0.0,8.0,12.0,0.0,0.0,0.0,0.0,0.0,0.0,27.0,0.0
780,0.0,0.0,16.0,0.0,23.0,0.0,0.0,0.0,0.0,0.0,0.0,22.0,9.0,0.0
781,0.0,0.0,6.0,24.0,0.0,0.0,0.0,0.0,0.0,0.0,0.0,20.0,9.0,16.0
782,0.0,22.0,0.0,0.0,27.0,0.0,20.0,13.0,15.0,9.0,26.0,0.0,0.0,0.0
783,5.0,0.0,5.0,29.0,0.0,0.0,23.0,9.0,10.0,10.0,23.0,0.0,5.0,16.0
784,21.0,0.0,28.0,0.0,0.0,0.0,9.0,0.0,0.0,0.0,27.0,0.0,0.0,17.0
785,24.0,0.0,0.0,23.0,11.0,11.0,0.0,16.0,16.0,0.0,19.0,15.0,0.0,13.0
786,0.0,0.0,0.0,5.0,10.0,0.0,0.0,13.0,17.0,26.0,23.0,22.0,0.0,0.0
787,0.0,28.0,10.0,7.0,5.0,0.0,0.0,16.0,0.0,0.0,0.0,0.0,28.0,24.0
788,14.0,0.0,0.0,0.0,0.0,0.0,0.0,21.0,0.0,0.0,0.0,28.0,0.0,0.0
789,22.0,15.0,0.0,0.0,0.0,0.0,0.0,0.0,0.0,22.0,23.0,0.0,0.0,13.0
790,8.0,20.0,10.0,14.0,0.0,0.0,29.0,7.0,0.0,0.0,0.0,8.0,18.0,27.0
791,0.0,24.0,12.0,0.0,27.0,25.0,6.0,0.0,16.0,12.0,0.0,12.0,0.0,0.0
792,0.0,0.0,22.0,0.0,8.0,0.0,0.0,0.0,0.0,17.0,0.0,0.0,14.0,0.0
793,0.0,0.0,0.0,16.0,10.0,22.0,16.0,15.0,0.0,0.0,0.0,26.0,0.0,11.0
794,8.0,5.0,0.0,9.0,23.0,0.0,0.0,25.0,0.0,0.0,0.0,0.0,0.0,7.0
795,0.0,9.0,0.0,6.0,0.0,0.0,11.0,0.0,5.0,27.0,0.0,0.0,0.0,9.0
796,0.0,0.0,0.0,0.0,5.0,5.0,24.0,14.0,10.0,0.0,5.0,9.0,8.0,0.0
797,0.0,0.0,0.0,14.0,0.0,9.0,0.0,10.0,0.0,0.0,0.0,0.0,20.0,0.0
798,16.0,13.0,6.0,23.0,15.0,0.0,0.0,0.0,0.0,10.0,0.0,26.0,28.0,0.0
799,26.0,0.0,16.0,0.0,19.0,0.0,0.0,15.0,0.0,20.0,23.0,0.0,0.0,19.0
800,0.0,0.0,8.0,13.0,0.0,14.0,29.0,0.0,11.0,7.0,0.0,9.0,0.0,0.0
801,0.0,0.0,0.0,18.0,12.0,20.0,0.0,0.0,15.0,0.0,0.0,19.0,26.0,23.0
802,25.0,5.0,7.0,9.0,13.0,26.0,11.0,0.0,8.0,28.0,0.0,26.0,0.0,6.0
803,11.0,9.0,29.0,19.0,0.0,29.0,0.0,20.0,0.0,0.0,28.0,0.0,16.0,0.0
804,0.0,13.0,13.0,0.0,7.0,0.0,0.0,0.0,22.0,0.0,0.0,0.0,0.0,27.0
805,6.0,0.0,0.0,0.0,0.0,0.0,0.0,16.0,28.0,0.0,16.0,23.0,13.0,0.0
806,0.0,23.0,8.0,0.0,10.0,6.0,20.0,25.0,0.0,25.0,7.0,19.0,0.0,0.0
807,29.0,0.0,0.0,28.0,5.0,0.0,21.0,26.0,0.0,17.0,0.0,21.0,0.0,15.0
808,0.0,0.0,0.0,11.0,16.0,11.0,0.0,0.0,18.0,27.0,0.0,26.0,7.0,14.0
809,11.0,24.0,21.0,0.0,0.0,0.0,5.0,0.0,0.0,10.0,0.0,14.0,14.0,0.0
810,19.0,0.0,5.0,24.0,0.0,0.0,10.0,7.0,5.0,0.0,20.0,0.0,0.0,26.0
811,0.0,0.0,0.0,5.0,0.0,0.0,0.0,14.0,18.0,9.0,12.0,0.0,6.0,0.0
812,17.0,18.0,21.0,14.0,0.0,6.0,0.0,0.0,17.0,16.0,22.0,17.0,18.0,8.0
813,0.0,0.0,12.0,0.0,6.0,11.0,0.0,21.0,8.0,0.0,0.0,11.0,0.0,0.0
814,0.0,14.0,0.0,13.0,22.0,25.0,0.0,0.0,0.0,0.0,14.0,11.0,0.0,10.0
815,0.0,0.0,0.0,8.0,0.0,7.0,0.0,14.0,25.0,25.0,5.0,6.0,14.0,0.0
816,0.0,0.0,5.0,5.0,0.0,13.0,0.0,5.0,8.0,0.0,25.0,0.0,0.0,28.0
817,0.0,7.0,0.0,6.0,0.0,0.0,18.0,0.0,11.0,0.0,14.0,12.0,0.0,13.0
818,0.0,0.0,0.0,0.0,12.0,0.0,0.0,0.0,27.0,16.0,29.0,13.0,0.0,8.0
819,0.0,14.0,0.0,7.0,0.0,13.0,0.0,0.0,0.0,6.0,6.0,0.0,0.0,0.0
820,23.0,0.0,0.0,0.0,0.0,21.0,0.0,23.0,0.0,0.0,14.0,0.0,13.0,26.0
821,0.0,0.0,0.0,0.0,0.0,23.0,0.0,0.0,7.0,19.0,0.0,0.0,24.0,14.0
822,11.0,0.0,9.0,18.0,0.0,0.0,0.0,0.0,9.0,0.0,27.0,0.0,14.0,22.0
823,11.0,0.0,14.0,16.0,16.0,0.0,17.0,12.0,15.0,0.0,0.0,17.0,0.0,0.0
824,0.0,0.0,0.0,13.0,0.0,0.0,12.0,0.0,17.0,0.0,0.0,0.0,0.0,16.0
825,0.0,24.0,0.0,18.0,0.0,0.0,25.0,25.0,11.0,25.0,8.0,0.0,20.0,0.0
826,0.0,27.0,0.0,0.0,0.0,0.0,22.0,0.0,23.0,0.0,0.0,0.0,20.0,0.0
827,0.0,12.0,19.0,17.0,16.0,0.0,0.0,0.0,6.0,10.0,0.0,0.0,0.0,24.0
828,0.0,0.0,18.0,25.0,20.0,0.0,0.0,13.0,0.0,6.0,22.0,0.0,0.0,15.0
829,5.0,19.0,27.0,0.0,0.0,0.0,0.0,16.0,27.0,10.0,14.0,25.0,14.0,29.0
830,0.0,0.0,12.0,18.0,21.0,0.0,6.0,0.0,0.0,0.0,21.0,12.0,24.0,0.0
831,0.0,0.0,0.0,0.0,24.0,17.0,0.0,0.0,0.0,22.0,0.0,0.0,0.0,0.0
832,23.0,5.0,0.0,0.0,13.0,6.0,23.0,0.0,16.0,14.0,0.0,0.0,0.0,15.0
833,19.0,11.0,0.0,14.0,0.0,0.0,0.0,0.0,17.0,11.0,7.0,8.0,0.0,14.0
834,19.0,0.0,9.0,27.0,5.0,0.0,20.0,0.0,26.0,12.0,0.0,5.0,28.0,0.0
835,20.0,10.0,0.0,29.0,23.0,8.0,13.0,0.0,0.0,7.0,5.0,24.0,25.0,29.0
836,0.0,0.0,0.0,7.0,26.0,0.0,0.0,11.0,11.0,7.0,0.0,15.0,0.0,0.0
837,9.0,6.0,16.0,7.0,0.0,0.0,0.0,26.0,7.0,0.0,27.0,0.0,0.0,15.0
838,0.0,27.0,0.0,17.0,12.0,0.0,0.0,25.0,26.0,18.0,22.0,12.0,0.0,0.0
839,0.0,0.0,0.0,11.0,8.0,16.0,0.0,0.0,16.0,12.0,0.0,11.0,24.0,29.0
840,0.0,12.0,20.0,24.0,21.0,6.0,0.0,0.0,0.0,0.0,15.0,18.0,0.0,7.0
841,12.0,25.0,0.0,0.0,13.0,0.0,6.0,0.0,16.0,27.0,19.0,0.0,0.0,0.0
842,16.0,29.0,25.0,26.0,11.0,21.0,0.0,29.0,7.0,0.0,10.0,0.0,11.0,16.0
843,0.0,13.0,9.0,6.0,0.0,0.0,0.0,11.0,0.0,0.0,0.0,0.0,0.0,13.0
844,13.0,0.0,6.0,12.0,0.0,28.0,0.0,0.0,7.0,0.0,7.0,10.0,0.0,29.0
845,23.0,19.0,0.0,20.0,22.0,0.0,0.0,10.0,23.0,0.0,0.0,8.0,0.0,16.0
846,0.0,25.0,9.0,13.0,0.0,0.0,0.0,19.0,12.0,20.0,0.0,27.0,0.0,11.0
847,27.0,23.0,29.0,0.0,0.0,11.0,0.0,14.0,0.0,18.0,8.0,15.0,0.0,18.0
848,0.0,0.0,0.0,0.0,9.0,11.0,24.0,11.0,7.0,0.0,29.0,0.0,0.0,18.0
849,0.0,0.0,0.0,12.0,16.0,22.0,0.0,0.0,27.0,17.0,0.0,0.0,6.0,16.0
850,18.0,0.0,0.0,28.0,0.0,10.0,28.0,0.0,0.0,0.0,0.0,0.0,18.0,0.0
851,0.0,12.0,7.0,0.0,29.0,17.0,10.0,29.0,0.0,27.0,5.0,0.0,15.0,7.0
852,18.0,26.0,8.0,14.0,0.0,15.0,14.0,0.0,0.0,7.0,11.0,18.0,11.0,21.0
853,26.0,16.0,0.0,0.0,0.0,0.0,19.0,5.0,0.0,11.0,0.0,0.0,0.0,0.0
854,0.0,22.0,0.0,0.0,22.0,0.0,0.0,0.0,0.0,0.0,0.0,16.0,0.0,22.0
855,28.0,0.0,25.0,16.0,0.0,19.0,28.0,11.0,20.0,0.0,19.0,0.0,21.0,23.0
856,0.0,17.0,26.0,0.0,0.0,0.0,14.0,0.0,0.0,28.0,15.0,0.0,20.0,0.0
857,8.0,0.0,14.0,9.0,0.0,15.0,18.0,0.0,17.0,26.0,0.0,0.0,0.0,0.0
858,18.0,0.0,0.0,0.0,18.0,8.0,9.0,22.0,0.0,0.0,0.0,0.0,0.0,0.0
859,26.0,13.0,27.0,0.0,20.0,19.0,0.0,8.0,8.0,0.0,26.0,6.0,0.0,0.0
860,0.0,18.0,0.0,11.0,0.0,0.0,14.0,0.0,26.0,15.0,0.0,14.0,27.0,0.0
861,29.0,0.0,0.0,6.0,0.0,13.0,25.0,0.0,14.0,25.0,0.0,0.0,0.0,21.0
862,16.0,20.0,0.0,12.0,20.0,6.0,0.0,27.0,0.0,0.0,26.0,0.0,27.0,8.0
863,0.0,27.0,0.0,7.0,0.0,0.0,0.0,0.0,28.0,0.0,5.0,0.0,9.0,19.0
864,10.0,8.0,0.0,12.0,0.0,21.0,16.0,0.0,28.0,0.0,0.0,0.0,0.0,18.0
865,22.0,6.0,14.0,22.0,17.0,0.0,0.0,20.0,18.0,13.0,17.0,0.0,0.0,0.0
866,0.0,0.0,0.0,24.0,9.0,16.0,7.0,0.0,23.0,6.0,0.0,14.0,9.0,0.0
867,0.0,29.0,24.0,0.0,0.0,0.0,0.0,0.0,7.0,22.0,0.0,0.0,6.0,12.0
868,27.0,6.0,5.0,0.0,0.0,16.0,0.0,0.0,0.0,12.0,18.0,11.0,0.0,23.0
869,27.0,14.0,8.0,9.0,9.0,0.0,0.0,25.0,0.0,7.0,5.0,0.0,17.0,18.0
870,0.0,0.0,0.0,13.0,0.0,5.0,28.0,9.0,8.0,17.0,26.0,0.0,0.0,0.0
871,20.0,0.0,0.0,0.0,0.0,28.0,22.0,0.0,16.0,21.0,0.0,0.0,11.0,24.0
872,19.0,0.0,0.0,0.0,24.0,18.0,0.0,0.0,0.0,0.0,9.0,24.0,29.0,14.0
873,0.0,0.0,6.0,26.0,0.0,0.0,24.0,23.0,15.0,24.0,0.0,6.0,0.0,17.0
874,7.0,0.0,28.0,0.0,21.0,6.0,18.0,6.0,22.0,12.0,0.0,0.0,0.0,0.0
875,20.0,17.0,18.0,0.0,0.0,0.0,13.0,28.0,7.0,0.0,0.0,16.0,7.0,22.0
876,0.0,0.0,24.0,0.0,0.0,24.0,5.0,28.0,0.0,5.0,0.0,0.0,0.0,9.0
877,28.0,23.0,7.0,26.0,0.0,0.0,0.0,26.0,8.0,0.0,9.0,0.0,0.0,0.0
878,11.0,0.0,15.0,0.0,8.0,0.0,0.0,0.0,25.0,14.0,0.0,6.0,18.0,27.0
879,8.0,0.0,10.0,0.0,12.0,11.0,29.0,18.0,5.0,19.0,0.0,0.0,27.0,0.0
880,22.0,16.0,0.0,0.0,0.0,0.0,0.0,0.0,0.0,6.0,24.0,8.0,0.0,0.0
881,12.0,0.0,0.0,0.0,29.0,0.0,22.0,0.0,24.0,0.0,0.0,12.0,10.0,10.0
882,9.0,23.0,0.0,24.0,18.0,10.0,0.0,11.0,19.0,25.0,0.0,8.0,8.0,29.0
883,0.0,0.0,0.0,0.0,11.0,23.0,0.0,0.0,25.0,9.0,0.0,0.0,0.0,0.0
884,26.0,23.0,17.0,0.0,26.0,0.0,0.0,0.0,0.0,14.0,25.0,17.0,24.0,0.0
885,5.0,0.0,0.0,12.0,9.0,27.0,19.0,28.0,0.0,0.0,11.0,15.0,29.0,20.0
886,14.0,0.0,23.0,0.0,5.0,0.0,14.0,28.0,25.0,19.0,0.0,27.0,12.0,0.0
887,0.0,10.0,28.0,9.0,0.0,10.0,28.0,17.0,0.0,0.0,20.0,28.0,25.0,10.0
888,0.0,6.0,18.0,0.0,0.0,7.0,21.0,17.0,28.0,14.0,0.0,13.0,0.0,0.0
889,0.0,0.0,7.0,0.0,0.0,12.0,24.0,19.0,21.0,0.0,21.0,0.0,10.0,0.0
890,0.0,0.0,20.0,29.0,0.0,8.0,12.0,0.0,11.0,5.0,10.0,0.0,15.0,0.0
891,9.0,0.0,6.0,23.0,22.0,7.0,0.0,17.0,0.0,0.0,0.0,7.0,0.0,0.0
892,27.0,0.0,22.0,12.0,9.0,13.0,27.0,0.0,0.0,0.0,18.0,0.0,0.0,25.0
893,17.0,8.0,0.0,0.0,9.0,20.0,24.0,0.0,0.0,0.0,0.0,0.0,23.0,0.0
894,21.0,0.0,0.0,0.0,23.0,0.0,5.0,0.0,0.0,25.0,0.0,23.0,0.0,8.0
895,0.0,17.0,22.0,0.0,5.0,19.0,0.0,23.0,13.0,21.0,0.0,21.0,17.0,14.0
896,0.0,28.0,17.0,7.0,0.0,24.0,15.0,0.0,0.0,19.0,11.0,12.0,22.0,25.0
897,0.0,0.0,0.0,13.0,0.0,16.0,0.0,0.0,11.0,11.0,19.0,0.0,13.0,0.0
898,15.0,0.0,0.0,0.0,0.0,0.0,0.0,0.0,0.0,0.0,14.0,15.0,0.0,29.0
899,0.0,17.0,24.0,11.0,0.0,0.0,28.0,17.0,18.0,8.0,15.0,26.0,0.0,19.0
900,0.0,28.0,18.0,25.0,0.0,26.0,0.0,24.0,22.0,0.0,0.0,14.0,12.0,0.0
901,0.0,15.0,0.0,0.0,9.0,17.0,0.0,13.0,28.0,0.0,17.0,0.0,23.0,11.0
902,0.0,7.0,17.0,23.0,29.0,25.0,0.0,15.0,20.0,0.0,5.0,0.0,0.0,0.0
903,27.0,0.0,19.0,16.0,0.0,0.0,11.0,19.0,9.0,29.0,0.0,19.0,0.0,0.0
904,13.0,8.0,10.0,0.0,26.0,29.0,10.0,16.0,11.0,0.0,17.0,0.0,21.0,0.0
905,0.0,0.0,0.0,0.0,29.0,0.0,18.0,19.0,29.0,0.0,29.0,21.0,0.0,0.0
906,16.0,0.0,18.0,16.0,18.0,7.0,0.0,15.0,0.0,29.0,15.0,0.0,0.0,13.0
907,0.0,16.0,0.0,19.0,0.0,0.0,0.0,21.0,21.0,16.0,13.0,0.0,0.0,26.0
908,0.0,0.0,0.0,22.0,0.0,20.0,8.0,0.0,0.0,7.0,0.0,0.0,0.0,0.0
909,15.0,8.0,0.0,22.0,0.0,29.0,0.0,0.0,0.0,0.0,0.0,0.0,0.0,21.0
910,0.0,0.0,0.0,27.0,20.0,22.0,0.0,0.0,0.0,20.0,0.0,0.0,7.0,0.0
911,0.0,14.0,20.0,16.0,18.0,0.0,6.0,6.0,17.0,0.0,0.0,0.0,18.0,0.0
912,12.0,5.0,0.0,11.0,28.0,0.0,0.0,0.0,29.0,0.0,0.0,0.0,0.0,0.0
913,11.0,16.0,16.0,0.0,26.0,0.0,0.0,0.0,0.0,0.0,12.0,0.0,0.0,0.0
914,13.0,0.0,23.0,0.0,0.0,12.0,0.0,22.0,0.0,18.0,0.0,24.0,9.0,0.0
915,0.0,27.0,12.0,23.0,0.0,26.0,0.0,0.0,26.0,0.0,0.0,16.0,7.0,27.0
916,0.0,0.0,0.0,0.0,26.0,13.0,12.0,0.0,11.0,0.0,25.0,17.0,0.0,0.0
917,0.0,0.0,24.0,16.0,0.0,23.0,0.0,21.0,0.0,0.0,0.0,25.0,29.0,17.0
918,22.0,0.0,0.0,0.0,10.0,0.0,0.0,0.0,25.0,0.0,7.0,0.0,0.0,7.0
919,0.0,15.0,24.0,10.0,22.0,0.0,25.0,0.0,0.0,0.0,7.0,0.0,0.0,0.0
920,29.0,0.0,0.0,27.0,18.0,0.0,0.0,0.0,7.0,19.0,0.0,0.0,23.0,5.0
921,0.0,0.0,27.0,23.0,0.0,18.0,0.0,19.0,0.0,28.0,0.0,0.0,10.0,29.0
922,0.0,27.0,0.0,8.0,6.0,0.0,28.0,0.0,0.0,0.0,21.0,0.0,25.0,12.0
923,16.0,0.0,0.0,10.0,13.0,5.0,0.0,27.0,22.0,0.0,0.0,0.0,15.0,0.0
924,0.0,22.0,0.0,9.0,0.0,0.0,7.0,0.0,0.0,0.0,0.0,0.0,21.0,18.0
925,0.0,27.0,0.0,26.0,16.0,7.0,0.0,0.0,0.0,0.0,0.0,29.0,24.0,0.0
926,9.0,5.0,28.0,5.0,22.0,0.0,0.0,22.0,0.0,0.0,29.0,0.0,0.0,0.0
927,0.0,28.0,22.0,7.0,17.0,0.0,0.0,0.0,0.0,0.0,0.0,0.0,0.0,22.0
928,12.0,20.0,22.0,0.0,0.0,0.0,10.0,21.0,0.0,7.0,0.0,0.0,0.0,0.0
929,0.0,13.0,0.0,0.0,0.0,0.0,15.0,0.0,24.0,25.0,0.0,0.0,0.0,20.0
930,0.0,0.0,5.0,0.0,0.0,23.0,0.0,22.0,0.0,12.0,10.0,23.0,17.0,0.0
931,13.0,20.0,27.0,27.0,0.0,5.0,0.0,0.0,17.0,0.0,10.0,0.0,7.0,0.0
932,0.0,0.0,0.0,25.0,13.0,0.0,0.0,0.0,8.0,0.0,8.0,0.0,0.0,17.0
933,14.0,22.0,28.0,0.0,7.0,18.0,0.0,0.0,0.0,0.0,25.0,0.0,21.0,0.0
934,0.0,17.0,15.0,23.0,10.0,10.0,0.0,0.0,0.0,0.0,0.0,9.0,0.0,0.0
935,16.0,0.0,20.0,20.0,0.0,0.0,23.0,0.0,0.0,13.0,28.0,0.0,0.0,0.0
936,28.0,0.0,0.0,5.0,0.0,0.0,23.0,14.0,0.0,28.0,10.0,17.0,0.0,24.0
937,28.0,0.0,0.0,6.0,12.0,0.0,7.0,20.0,0.0,19.0,11.0,0.0,0.0,14.0
938,26.0,26.0,0.0,27.0,0.0,0.0,0.0,21.0,0.0,0.0,11.0,0.0,10.0,0.0
939,28.0,13.0,5.0,5.0,0.0,0.0,0.0,0.0,0.0,0.0,10.0,0.0,0.0,0.0
940,10.0,17.0,17.0,0.0,11.0,17.0,12.0,0.0,16.0,0.0,25.0,0.0,0.0,0.0
941,0.0,13.0,24.0,0.0,0.0,0.0,26.0,17.0,9.0,0.0,9.0,28.0,5.0,0.0
942,18.0,21.0,0.0,0.0,0.0,28.0,13.0,12.0,25.0,0.0,17.0,12.0,0.0,18.0
943,24.0,24.0,0.0,0.0,0.0,0.0,0.0,0.0,7.0,16.0,17.0,0.0,0.0,9.0
944,16.0,11.0,8.0,24.0,0.0,0.0,20.0,27.0,0.0,0.0,16.0,0.0,14.0,6.0
945,7.0,0.0,0.0,0.0,23.0,0.0,28.0,0.0,7.0,0.0,0.0,0.0,15.0,0.0
946,15.0,25.0,6.0,5.0,0.0,10.0,28.0,10.0,7.0,11.0,0.0,0.0,0.0,0.0
947,0.0,11.0,0.0,0.0,0.0,0.0,0.0,28.0,0.0,0.0,26.0,0.0,0.0,16.0
948,0.0,13.0,0.0,9.0,0.0,14.0,0.0,0.0,15.0,20.0,17.0,5.0,16.0,0.0
949,0.0,6.0,9.0,0.0,9.0,10.0,0.0,11.0,0.0,0.0,18.0,0.0,0.0,0.0
950,0.0,19.0,0.0,0.0,0.0,12.0,0.0,0.0,0.0,0.0,9.0,5.0,20.0,0.0
951,21.0,0.0,18.0,9.0,23.0,13.0,29.0,5.0,10.0,0.0,0.0,0.0,16.0,28.0
952,20.0,0.0,15.0,0.0,11.0,6.0,0.0,11.0,29.0,8.0,0.0,20.0,0.0,0.0
953,0.0,0.0,28.0,21.0,0.0,0.0,24.0,24.0,25.0,0.0,6.0,0.0,0.0,0.0
954,12.0,13.0,0.0,0.0,0.0,17.0,0.0,0.0,11.0,0.0,12.0,12.0,0.0,27.0
955,0.0,0.0,0.0,22.0,0.0,28.0,0.0,7.0,0.0,22.0,0.0,0.0,9.0,29.0
956,28.0,0.0,18.0,22.0,29.0,12.0,0.0,14.0,0.0,0.0,0.0,0.0,14.0,0.0
957,22.0,0.0,0.0,0.0,0.0,0.0,0.0,0.0,12.0,0.0,0.0,14.0,20.0,16.0
958,0.0,20.0,27.0,13.0,14.0,0.0,10.0,19.0,17.0,17.0,9.0,0.0,0.0,0.0
959,7.0,18.0,0.0,7.0,19.0,0.0,0.0,0.0,20.0,23.0,0.0,0.0,0.0,0.0
960,8.0,7.0,0.0,0.0,9.0,20.0,0.0,25.0,10.0,0.0,25.0,0.0,20.0,0.0
961,0.0,0.0,23.0,5.0,0.0,0.0,0.0,0.0,17.0,6.0,0.0,0.0,0.0,29.0
962,27.0,24.0,0.0,0.0,24.0,22.0,0.0,22.0,29.0,14.0,5.0,29.0,15.0,11.0
963,0.0,0.0,0.0,22.0,8.0,8.0,0.0,24.0,0.0,24.0,0.0,0.0,0.0,0.0
964,0.0,0.0,0.0,0.0,0.0,0.0,28.0,0.0,19.0,0.0,0.0,5.0,0.0,29.0
965,0.0,28.0,0.0,17.0,0.0,0.0,0.0,0.0,13.0,0.0,23.0,0.0,26.0,0.0
966,25.0,0.0,17.0,0.0,0.0,0.0,26.0,0.0,0.0,0.0,10.0,17.0,0.0,16.0
967,28.0,26.0,0.0,0.0,0.0,0.0,0.0,0.0,0.0,0.0,0.0,21.0,0.0,11.0
968,16.0,27.0,0.0,21.0,16.0,0.0,12.0,0.0,8.0,11.0,0.0,8.0,0.0,0.0
969,5.0,0.0,0.0,18.0,0.0,0.0,12.0,0.0,0.0,0.0,22.0,0.0,6.0,16.0
970,0.0,0.0,0.0,0.0,27.0,0.0,16.0,26.0,18.0,0.0,19.0,0.0,23.0,0.0
971,0.0,23.0,14.0,0.0,21.0,29.0,13.0,0.0,0.0,5.0,15.0,19.0,0.0,13.0
972,25.0,19.0,8.0,21.0,12.0,0.0,0.0,25.0,0.0,0.0,15.0,0.0,0.0,0.0
973,22.0,7.0,0.0,10.0,0.0,0.0,0.0,13.0,0.0,0.0,14.0,26.0,20.0,0.0
974,28.0,6.0,28.0,17.0,17.0,0.0,0.0,0.0,0.0,18.0,21.0,21.0,8.0,19.0
975,0.0,15.0,0.0,27.0,16.0,18.0,0.0,0.0,26.0,10.0,0.0,17.0,0.0,27.0
976,5.0,0.0,0.0,0.0,0.0,0.0,22.0,12.0,29.0,0.0,0.0,0.0,0.0,0.0
977,15.0,0.0,24.0,0.0,0.0,0.0,11.0,14.0,0.0,0.0,0.0,0.0,10.0,17.0
978,7.0,0.0,12.0,0.0,10.0,14.0,0.0,11.0,0.0,0.0,0.0,10.0,0.0,0.0
979,0.0,24.0,0.0,0.0,0.0,0.0,0.0,24.0,21.0,18.0,0.0,0.0,0.0,16.0
980,0.0,23.0,27.0,10.0,11.0,0.0,24.0,9.0,17.0,7.0,9.0,16.0,0.0,11.0
981,10.0,28.0,0.0,0.0,29.0,0.0,29.0,14.0,0.0,18.0,0.0,27.0,0.0,17.0
982,11.0,0.0,11.0,22.0,0.0,0.0,24.0,0.0,0.0,25.0,10.0,0.0,0.0,9.0
983,5.0,17.0,22.0,0.0,18.0,0.0,0.0,0.0,0.0,6.0,0.0,0.0,10.0,0.0
984,0.0,18.0,26.0,18.0,20.0,0.0,0.0,0.0,0.0,18.0,21.0,0.0,0.0,24.0
985,0.0,8.0,0.0,0.0,23.0,7.0,22.0,0.0,0.0,0.0,15.0,12.0,23.0,27.0
986,5.0,0.0,17.0,0.0,0.0,0.0,29.0,0.0,7.0,0.0,13.0,7.0,0.0,18.0
987,21.0,18.0,28.0,0.0,0.0,28.0,0.0,0.0,0.0,12.0,0.0,0.0,0.0,0.0
988,0.0,19.0,10.0,0.0,0.0,14.0,0.0,14.0,0.0,0.0,0.0,0.0,0.0,0.0
989,14.0,0.0,0.0,0.0,19.0,26.0,10.0,8.0,0.0,25.0,17.0,0.0,0.0,27.0
990,0.0,0.0,24.0,0.0,25.0,17.0,0.0,0.0,0.0,21.0,0.0,0.0,0.0,0.0
991,12.0,0.0,12.0,0.0,15.0,0.0,14.0,27.0,23.0,24.0,0.0,0.0,0.0,7.0
992,0.0,0.0,0.0,14.0,0.0,17.0,0.0,0.0,17.0,16.0,25.0,9.0,0.0,0.0
993,0.0,0.0,0.0,0.0,0.0,0.0,17.0,20.0,0.0,6.0,0.0,0.0,0.0,0.0
994,6.0,0.0,23.0,0.0,29.0,0.0,0.0,0.0,16.0,19.0,0.0,0.0,6.0,0.0
995,0.0,17.0,0.0,0.0,9.0,9.0,11.0,0.0,20.0,0.0,0.0,0.0,0.0,20.0
996,12.0,0.0,27.0,15.0,28.0,19.0,0.0,0.0,0.0,18.0,28.0,0.0,11.0,0.0
997,17.0,0.0,14.0,0.0,17.0,19.0,7.0,0.0,17.0,17.0,6.0,0.0,29.0,0.0
998,0.0,11.0,26.0,0.0,22.0,26.0,12.0,0.0,15.0,14.0,0.0,0.0,17.0,17.0
999,0.0,25.0,0.0,0.0,0.0,26.0,7.0,0.0,19.0,14.0,0.0,0.0,16.0,17.0
