,Data Science,Public Speaking,Python: Introduction,Node.js,Trigonometry,Applications Of Trignonometry,Political Science,Grammar,Machine Learning,Django,"HTML,CSS",Javascript,Literature,Inverse Trignonometry,ID
0,11.0,0.0,0.0,7.0,13.0,0.0,0.0,23.0,7.0,0.0,0.0,0.0,9.0,0.0,1000
1,0.0,10.0,0.0,10.0,0.0,10.0,14.0,0.0,29.0,0.0,11.0,10.0,0.0,10.0,1001
2,0.0,0.0,0.0,23.0,16.0,0.0,0.0,14.0,12.0,27.0,24.0,23.0,0.0,8.0,1002
3,6.0,21.0,0.0,0.0,0.0,0.0,6.0,26.0,0.0,23.0,0.0,19.0,20.0,0.0,1003
4,0.0,0.0,9.0,12.0,0.0,0.0,0.0,18.0,28.0,0.0,0.0,24.0,18.0,0.0,1004
5,0.0,6.0,6.0,26.0,0.0,0.0,23.0,23.0,17.0,0.0,0.0,12.0,22.0,12.0,1005
6,0.0,15.0,0.0,25.0,0.0,0.0,5.0,0.0,0.0,25.0,7.0,0.0,0.0,0.0,1006
7,0.0,0.0,21.0,0.0,0.0,16.0,18.0,11.0,9.0,15.0,9.0,13.0,29.0,0.0,1007
8,0.0,26.0,11.0,28.0,0.0,12.0,21.0,5.0,0.0,0.0,20.0,12.0,0.0,0.0,1008
9,26.0,0.0,24.0,21.0,28.0,0.0,0.0,23.0,0.0,0.0,0.0,0.0,27.0,0.0,1009
10,15.0,29.0,25.0,0.0,0.0,0.0,8.0,0.0,20.0,23.0,26.0,0.0,0.0,0.0,1010
11,0.0,0.0,10.0,0.0,15.0,0.0,16.0,0.0,0.0,0.0,13.0,0.0,11.0,0.0,1011
12,0.0,11.0,0.0,0.0,28.0,0.0,14.0,0.0,0.0,7.0,0.0,7.0,0.0,0.0,1012
13,18.0,0.0,0.0,7.0,0.0,16.0,0.0,11.0,25.0,25.0,13.0,0.0,16.0,0.0,1013
14,0.0,9.0,12.0,15.0,13.0,0.0,0.0,25.0,0.0,12.0,24.0,0.0,0.0,0.0,1014
15,0.0,18.0,0.0,0.0,5.0,17.0,21.0,6.0,21.0,0.0,13.0,0.0,0.0,12.0,1015
16,15.0,5.0,13.0,15.0,0.0,0.0,21.0,18.0,0.0,0.0,22.0,0.0,0.0,0.0,1016
17,12.0,11.0,0.0,0.0,26.0,0.0,27.0,0.0,21.0,0.0,0.0,14.0,0.0,21.0,1017
18,5.0,0.0,0.0,0.0,0.0,19.0,0.0,0.0,0.0,0.0,0.0,15.0,7.0,18.0,1018
19,0.0,0.0,0.0,8.0,11.0,0.0,0.0,0.0,0.0,24.0,0.0,9.0,0.0,11.0,1019
20,0.0,24.0,10.0,16.0,0.0,19.0,0.0,8.0,19.0,0.0,19.0,8.0,0.0,19.0,1020
21,0.0,0.0,21.0,0.0,7.0,27.0,11.0,0.0,22.0,0.0,18.0,0.0,0.0,0.0,1021
22,13.0,18.0,0.0,27.0,0.0,0.0,0.0,0.0,22.0,0.0,0.0,21.0,27.0,12.0,1022
23,0.0,21.0,16.0,22.0,14.0,0.0,0.0,23.0,0.0,0.0,27.0,0.0,24.0,0.0,1023
24,0.0,14.0,0.0,22.0,11.0,0.0,14.0,29.0,0.0,5.0,0.0,20.0,20.0,0.0,1024
25,25.0,0.0,0.0,0.0,0.0,0.0,8.0,11.0,10.0,0.0,0.0,0.0,0.0,0.0,1025
26,15.0,0.0,28.0,20.0,24.0,21.0,0.0,0.0,16.0,0.0,22.0,0.0,0.0,0.0,1026
27,0.0,12.0,5.0,14.0,6.0,0.0,18.0,0.0,13.0,18.0,18.0,0.0,0.0,6.0,1027
28,0.0,0.0,14.0,27.0,11.0,21.0,0.0,0.0,13.0,0.0,0.0,20.0,0.0,7.0,1028
29,0.0,0.0,0.0,0.0,0.0,13.0,0.0,0.0,7.0,28.0,9.0,0.0,17.0,0.0,1029
30,0.0,17.0,24.0,11.0,22.0,24.0,11.0,0.0,0.0,23.0,9.0,0.0,0.0,25.0,1030
31,23.0,6.0,0.0,11.0,0.0,0.0,0.0,0.0,19.0,5.0,0.0,0.0,7.0,16.0,1031
32,25.0,0.0,14.0,5.0,0.0,0.0,0.0,0.0,23.0,7.0,20.0,0.0,0.0,0.0,1032
33,0.0,29.0,18.0,0.0,0.0,16.0,0.0,0.0,7.0,5.0,0.0,21.0,0.0,0.0,1033
34,19.0,0.0,24.0,0.0,14.0,0.0,0.0,0.0,0.0,22.0,0.0,0.0,23.0,0.0,1034
35,22.0,20.0,0.0,0.0,0.0,10.0,0.0,14.0,0.0,0.0,11.0,14.0,0.0,5.0,1035
36,0.0,26.0,0.0,0.0,0.0,7.0,24.0,28.0,26.0,25.0,23.0,0.0,27.0,0.0,1036
37,0.0,0.0,0.0,0.0,0.0,23.0,0.0,15.0,27.0,19.0,0.0,0.0,0.0,0.0,1037
38,27.0,21.0,22.0,6.0,0.0,10.0,14.0,0.0,0.0,0.0,0.0,18.0,26.0,8.0,1038
39,16.0,0.0,6.0,0.0,0.0,16.0,0.0,19.0,0.0,0.0,0.0,23.0,8.0,18.0,1039
40,0.0,6.0,0.0,0.0,0.0,27.0,18.0,27.0,0.0,10.0,27.0,0.0,0.0,13.0,1040
41,0.0,0.0,5.0,22.0,0.0,0.0,7.0,5.0,21.0,27.0,9.0,13.0,12.0,0.0,1041
42,18.0,6.0,23.0,0.0,14.0,27.0,0.0,0.0,7.0,0.0,0.0,24.0,12.0,0.0,1042
43,26.0,26.0,14.0,15.0,0.0,0.0,24.0,17.0,19.0,9.0,15.0,0.0,0.0,9.0,1043
44,0.0,0.0,0.0,5.0,0.0,0.0,0.0,0.0,5.0,26.0,5.0,0.0,6.0,0.0,1044
45,10.0,29.0,19.0,5.0,19.0,12.0,12.0,8.0,0.0,11.0,0.0,0.0,0.0,0.0,1045
46,23.0,13.0,0.0,23.0,0.0,0.0,6.0,15.0,0.0,0.0,23.0,0.0,15.0,0.0,1046
47,0.0,0.0,6.0,0.0,0.0,0.0,0.0,16.0,0.0,25.0,0.0,5.0,17.0,17.0,1047
48,15.0,0.0,0.0,25.0,23.0,25.0,14.0,26.0,18.0,0.0,0.0,0.0,0.0,21.0,1048
49,0.0,0.0,9.0,0.0,23.0,9.0,7.0,0.0,0.0,18.0,16.0,7.0,10.0,0.0,1049
50,0.0,0.0,24.0,0.0,6.0,0.0,0.0,0.0,7.0,15.0,27.0,17.0,0.0,0.0,1050
51,0.0,27.0,0.0,0.0,0.0,0.0,0.0,8.0,0.0,15.0,22.0,0.0,0.0,0.0,1051
52,0.0,12.0,0.0,14.0,24.0,19.0,21.0,18.0,9.0,21.0,0.0,0.0,0.0,10.0,1052
53,22.0,18.0,5.0,0.0,0.0,0.0,5.0,13.0,0.0,0.0,0.0,14.0,16.0,13.0,1053
54,28.0,0.0,28.0,0.0,0.0,0.0,10.0,0.0,0.0,10.0,0.0,23.0,24.0,16.0,1054
55,0.0,0.0,27.0,28.0,21.0,11.0,27.0,0.0,16.0,0.0,13.0,0.0,22.0,13.0,1055
56,0.0,0.0,0.0,0.0,0.0,11.0,0.0,0.0,14.0,0.0,29.0,23.0,0.0,0.0,1056
57,0.0,11.0,0.0,17.0,0.0,8.0,10.0,0.0,28.0,21.0,0.0,0.0,10.0,0.0,1057
58,15.0,28.0,15.0,7.0,0.0,0.0,0.0,0.0,8.0,0.0,16.0,28.0,0.0,21.0,1058
59,11.0,8.0,28.0,8.0,16.0,0.0,0.0,0.0,0.0,0.0,6.0,20.0,17.0,5.0,1059
60,25.0,0.0,20.0,15.0,0.0,0.0,24.0,22.0,0.0,20.0,15.0,13.0,29.0,27.0,1060
61,12.0,0.0,0.0,0.0,0.0,0.0,21.0,20.0,22.0,18.0,0.0,23.0,0.0,0.0,1061
62,6.0,0.0,19.0,13.0,0.0,7.0,29.0,0.0,27.0,13.0,25.0,18.0,0.0,27.0,1062
63,0.0,23.0,26.0,0.0,19.0,0.0,22.0,0.0,0.0,17.0,0.0,0.0,18.0,0.0,1063
64,5.0,0.0,24.0,0.0,0.0,5.0,24.0,0.0,23.0,0.0,20.0,0.0,0.0,15.0,1064
65,15.0,27.0,0.0,15.0,0.0,5.0,27.0,22.0,0.0,13.0,8.0,14.0,18.0,0.0,1065
66,0.0,6.0,0.0,25.0,0.0,0.0,0.0,19.0,15.0,27.0,8.0,0.0,22.0,23.0,1066
67,0.0,29.0,25.0,0.0,6.0,0.0,6.0,0.0,25.0,14.0,9.0,23.0,26.0,0.0,1067
68,8.0,27.0,9.0,21.0,0.0,25.0,9.0,0.0,18.0,0.0,0.0,0.0,0.0,0.0,1068
69,23.0,0.0,9.0,0.0,28.0,0.0,6.0,29.0,22.0,21.0,23.0,0.0,0.0,6.0,1069
70,0.0,27.0,0.0,27.0,5.0,21.0,28.0,0.0,26.0,28.0,29.0,23.0,0.0,0.0,1070
71,9.0,0.0,0.0,0.0,25.0,0.0,0.0,0.0,0.0,11.0,11.0,0.0,12.0,0.0,1071
72,0.0,8.0,20.0,0.0,19.0,25.0,0.0,0.0,29.0,15.0,7.0,28.0,0.0,14.0,1072
73,0.0,29.0,29.0,12.0,0.0,0.0,9.0,8.0,11.0,25.0,5.0,29.0,8.0,23.0,1073
74,0.0,5.0,0.0,15.0,0.0,5.0,26.0,0.0,0.0,0.0,0.0,0.0,13.0,0.0,1074
75,23.0,0.0,13.0,0.0,0.0,0.0,18.0,7.0,12.0,0.0,0.0,0.0,0.0,12.0,1075
76,11.0,11.0,6.0,27.0,25.0,0.0,0.0,0.0,0.0,0.0,16.0,27.0,16.0,24.0,1076
77,0.0,17.0,29.0,0.0,0.0,0.0,0.0,22.0,16.0,0.0,0.0,0.0,18.0,26.0,1077
78,0.0,0.0,0.0,20.0,0.0,16.0,0.0,0.0,7.0,19.0,27.0,0.0,0.0,9.0,1078
79,18.0,0.0,0.0,27.0,0.0,0.0,10.0,28.0,25.0,0.0,9.0,13.0,22.0,0.0,1079
80,0.0,10.0,6.0,29.0,0.0,0.0,28.0,0.0,0.0,28.0,15.0,0.0,0.0,9.0,1080
81,5.0,0.0,9.0,0.0,0.0,0.0,14.0,21.0,0.0,28.0,26.0,9.0,22.0,11.0,1081
82,18.0,0.0,22.0,0.0,0.0,0.0,27.0,25.0,0.0,0.0,25.0,7.0,26.0,0.0,1082
83,0.0,26.0,0.0,9.0,10.0,0.0,15.0,6.0,0.0,0.0,29.0,11.0,0.0,0.0,1083
84,0.0,0.0,22.0,17.0,10.0,0.0,0.0,0.0,25.0,0.0,0.0,0.0,7.0,0.0,1084
85,0.0,23.0,0.0,0.0,17.0,0.0,15.0,0.0,13.0,0.0,14.0,22.0,0.0,0.0,1085
86,0.0,11.0,18.0,6.0,21.0,0.0,26.0,0.0,0.0,14.0,0.0,0.0,14.0,26.0,1086
87,5.0,0.0,0.0,0.0,21.0,24.0,0.0,14.0,0.0,0.0,27.0,0.0,18.0,0.0,1087
88,0.0,29.0,0.0,23.0,18.0,0.0,24.0,14.0,0.0,0.0,20.0,0.0,6.0,11.0,1088
89,0.0,19.0,0.0,0.0,0.0,0.0,0.0,8.0,0.0,0.0,23.0,0.0,12.0,18.0,1089
90,8.0,0.0,15.0,5.0,17.0,0.0,0.0,0.0,26.0,0.0,5.0,13.0,25.0,29.0,1090
91,16.0,0.0,20.0,0.0,0.0,0.0,0.0,11.0,0.0,23.0,11.0,0.0,0.0,0.0,1091
92,20.0,0.0,0.0,0.0,0.0,0.0,18.0,7.0,12.0,24.0,8.0,7.0,11.0,13.0,1092
93,0.0,16.0,0.0,0.0,0.0,0.0,0.0,23.0,5.0,0.0,9.0,11.0,26.0,23.0,1093
94,15.0,17.0,14.0,26.0,14.0,23.0,0.0,0.0,0.0,29.0,24.0,0.0,0.0,0.0,1094
95,16.0,26.0,10.0,0.0,0.0,11.0,5.0,0.0,0.0,0.0,27.0,14.0,0.0,0.0,1095
96,14.0,11.0,8.0,0.0,0.0,7.0,0.0,0.0,19.0,9.0,24.0,17.0,15.0,27.0,1096
97,0.0,0.0,0.0,0.0,11.0,16.0,20.0,0.0,20.0,15.0,11.0,0.0,28.0,28.0,1097
98,0.0,0.0,10.0,22.0,0.0,0.0,0.0,25.0,0.0,14.0,0.0,12.0,0.0,0.0,1098
99,0.0,0.0,0.0,12.0,27.0,10.0,0.0,0.0,14.0,19.0,29.0,13.0,25.0,21.0,1099
100,6.0,0.0,10.0,0.0,19.0,0.0,23.0,0.0,5.0,12.0,8.0,17.0,28.0,26.0,1100
101,0.0,12.0,0.0,0.0,0.0,0.0,0.0,24.0,18.0,0.0,21.0,0.0,0.0,0.0,1101
102,9.0,0.0,0.0,6.0,18.0,0.0,0.0,0.0,21.0,20.0,0.0,9.0,18.0,0.0,1102
103,0.0,0.0,11.0,0.0,0.0,0.0,0.0,27.0,21.0,0.0,0.0,0.0,0.0,11.0,1103
104,0.0,26.0,0.0,0.0,0.0,6.0,0.0,0.0,0.0,15.0,11.0,0.0,0.0,0.0,1104
105,15.0,0.0,0.0,25.0,19.0,7.0,6.0,18.0,0.0,16.0,0.0,23.0,19.0,19.0,1105
106,0.0,0.0,12.0,0.0,0.0,0.0,25.0,0.0,0.0,0.0,0.0,0.0,0.0,0.0,1106
107,0.0,17.0,0.0,0.0,27.0,26.0,0.0,0.0,19.0,0.0,0.0,25.0,0.0,0.0,1107
108,11.0,16.0,19.0,0.0,22.0,0.0,11.0,9.0,8.0,27.0,0.0,7.0,0.0,17.0,1108
109,5.0,0.0,0.0,0.0,0.0,0.0,18.0,0.0,20.0,0.0,0.0,0.0,0.0,0.0,1109
110,0.0,8.0,0.0,0.0,0.0,9.0,0.0,0.0,0.0,0.0,0.0,26.0,0.0,0.0,1110
111,0.0,14.0,0.0,27.0,0.0,0.0,0.0,0.0,0.0,0.0,0.0,0.0,0.0,10.0,1111
112,26.0,23.0,11.0,0.0,25.0,0.0,0.0,0.0,0.0,0.0,0.0,10.0,0.0,0.0,1112
113,5.0,0.0,6.0,0.0,0.0,27.0,0.0,8.0,0.0,15.0,24.0,0.0,29.0,11.0,1113
114,0.0,20.0,0.0,0.0,0.0,12.0,8.0,0.0,18.0,10.0,22.0,7.0,20.0,0.0,1114
115,5.0,15.0,0.0,0.0,0.0,13.0,29.0,0.0,0.0,0.0,22.0,20.0,28.0,13.0,1115
116,0.0,0.0,0.0,7.0,0.0,0.0,24.0,9.0,15.0,0.0,29.0,26.0,22.0,27.0,1116
117,18.0,17.0,0.0,24.0,0.0,6.0,0.0,0.0,17.0,0.0,0.0,7.0,0.0,0.0,1117
118,5.0,8.0,0.0,5.0,7.0,26.0,28.0,25.0,0.0,14.0,5.0,29.0,0.0,16.0,1118
119,0.0,10.0,29.0,0.0,0.0,16.0,0.0,28.0,0.0,10.0,16.0,0.0,0.0,0.0,1119
120,9.0,0.0,0.0,20.0,26.0,6.0,8.0,21.0,0.0,0.0,13.0,22.0,9.0,0.0,1120
121,23.0,0.0,0.0,18.0,27.0,18.0,0.0,12.0,27.0,0.0,0.0,0.0,22.0,0.0,1121
122,23.0,28.0,0.0,0.0,0.0,0.0,28.0,0.0,0.0,18.0,0.0,0.0,18.0,0.0,1122
123,29.0,13.0,23.0,0.0,25.0,24.0,19.0,0.0,21.0,0.0,13.0,0.0,0.0,0.0,1123
124,0.0,10.0,0.0,12.0,0.0,0.0,0.0,7.0,0.0,0.0,0.0,22.0,0.0,0.0,1124
125,23.0,26.0,24.0,0.0,15.0,0.0,0.0,29.0,8.0,22.0,14.0,0.0,24.0,0.0,1125
126,0.0,0.0,23.0,6.0,10.0,17.0,24.0,0.0,15.0,6.0,22.0,20.0,28.0,0.0,1126
127,29.0,7.0,0.0,5.0,0.0,28.0,0.0,0.0,16.0,21.0,0.0,0.0,0.0,0.0,1127
128,23.0,0.0,24.0,0.0,15.0,0.0,0.0,13.0,27.0,0.0,5.0,21.0,15.0,14.0,1128
129,0.0,24.0,10.0,0.0,0.0,9.0,0.0,0.0,13.0,5.0,0.0,0.0,13.0,11.0,1129
130,0.0,0.0,0.0,0.0,0.0,0.0,0.0,14.0,0.0,26.0,29.0,13.0,8.0,0.0,1130
131,7.0,0.0,0.0,27.0,0.0,0.0,0.0,0.0,0.0,0.0,0.0,24.0,0.0,25.0,1131
132,16.0,0.0,0.0,0.0,0.0,5.0,27.0,0.0,0.0,16.0,0.0,0.0,29.0,27.0,1132
133,25.0,0.0,0.0,22.0,0.0,0.0,5.0,29.0,0.0,0.0,0.0,0.0,0.0,28.0,1133
134,29.0,0.0,15.0,0.0,0.0,26.0,0.0,7.0,12.0,0.0,8.0,0.0,0.0,0.0,1134
135,0.0,0.0,9.0,0.0,0.0,0.0,7.0,0.0,0.0,17.0,0.0,0.0,28.0,0.0,1135
136,23.0,0.0,0.0,22.0,23.0,0.0,10.0,0.0,6.0,0.0,0.0,0.0,27.0,0.0,1136
137,16.0,0.0,24.0,0.0,20.0,9.0,0.0,0.0,24.0,0.0,25.0,13.0,20.0,0.0,1137
138,29.0,14.0,8.0,27.0,0.0,0.0,0.0,29.0,8.0,14.0,20.0,24.0,6.0,0.0,1138
139,0.0,0.0,0.0,0.0,0.0,0.0,6.0,0.0,9.0,0.0,27.0,24.0,11.0,0.0,1139
140,27.0,0.0,8.0,0.0,5.0,12.0,0.0,18.0,6.0,15.0,0.0,9.0,19.0,0.0,1140
141,0.0,24.0,0.0,0.0,0.0,6.0,21.0,0.0,0.0,0.0,0.0,0.0,15.0,28.0,1141
142,0.0,9.0,0.0,21.0,23.0,0.0,21.0,0.0,24.0,8.0,9.0,0.0,0.0,29.0,1142
143,8.0,0.0,0.0,0.0,0.0,20.0,14.0,24.0,22.0,0.0,0.0,26.0,29.0,18.0,1143
144,0.0,17.0,23.0,18.0,0.0,0.0,0.0,16.0,0.0,17.0,9.0,0.0,27.0,0.0,1144
145,17.0,0.0,25.0,26.0,26.0,12.0,0.0,8.0,0.0,15.0,0.0,0.0,0.0,15.0,1145
146,0.0,25.0,0.0,0.0,13.0,24.0,0.0,17.0,26.0,12.0,11.0,15.0,26.0,29.0,1146
147,0.0,22.0,0.0,0.0,0.0,0.0,20.0,0.0,25.0,7.0,18.0,19.0,19.0,0.0,1147
148,0.0,0.0,0.0,19.0,0.0,24.0,24.0,0.0,0.0,0.0,9.0,17.0,13.0,0.0,1148
149,0.0,0.0,8.0,0.0,0.0,0.0,28.0,9.0,0.0,22.0,29.0,24.0,17.0,0.0,1149
150,28.0,0.0,0.0,21.0,0.0,13.0,19.0,0.0,0.0,17.0,24.0,0.0,0.0,0.0,1150
151,0.0,16.0,0.0,25.0,0.0,5.0,8.0,0.0,24.0,22.0,0.0,28.0,12.0,19.0,1151
152,8.0,11.0,0.0,27.0,29.0,0.0,0.0,0.0,0.0,0.0,22.0,0.0,11.0,14.0,1152
153,14.0,0.0,25.0,0.0,25.0,0.0,0.0,0.0,28.0,14.0,0.0,0.0,5.0,0.0,1153
154,0.0,13.0,0.0,13.0,20.0,17.0,13.0,0.0,0.0,0.0,11.0,13.0,0.0,0.0,1154
155,14.0,0.0,0.0,9.0,0.0,16.0,0.0,0.0,26.0,28.0,0.0,28.0,18.0,27.0,1155
156,0.0,0.0,0.0,0.0,15.0,6.0,28.0,20.0,0.0,9.0,0.0,0.0,8.0,28.0,1156
157,0.0,0.0,7.0,0.0,20.0,15.0,0.0,28.0,0.0,6.0,28.0,16.0,0.0,26.0,1157
158,0.0,5.0,27.0,19.0,16.0,8.0,0.0,14.0,28.0,10.0,0.0,0.0,22.0,21.0,1158
159,24.0,0.0,0.0,15.0,0.0,0.0,19.0,19.0,0.0,0.0,21.0,0.0,0.0,16.0,1159
160,0.0,26.0,28.0,0.0,0.0,0.0,0.0,0.0,0.0,0.0,18.0,17.0,0.0,0.0,1160
161,5.0,18.0,28.0,0.0,0.0,9.0,6.0,0.0,0.0,7.0,0.0,19.0,18.0,0.0,1161
162,0.0,0.0,20.0,14.0,17.0,11.0,0.0,0.0,9.0,0.0,0.0,0.0,0.0,9.0,1162
163,25.0,13.0,0.0,0.0,0.0,7.0,14.0,0.0,11.0,22.0,22.0,28.0,0.0,13.0,1163
164,28.0,0.0,8.0,9.0,0.0,0.0,0.0,23.0,0.0,0.0,0.0,0.0,0.0,29.0,1164
165,0.0,0.0,23.0,0.0,26.0,0.0,0.0,0.0,22.0,0.0,0.0,19.0,0.0,14.0,1165
166,0.0,0.0,0.0,0.0,15.0,0.0,0.0,0.0,5.0,0.0,0.0,6.0,14.0,12.0,1166
167,12.0,8.0,0.0,0.0,0.0,6.0,15.0,21.0,0.0,8.0,0.0,9.0,0.0,18.0,1167
168,0.0,20.0,5.0,0.0,0.0,0.0,0.0,0.0,0.0,0.0,28.0,6.0,0.0,7.0,1168
169,0.0,0.0,0.0,0.0,7.0,14.0,0.0,0.0,0.0,0.0,13.0,0.0,0.0,0.0,1169
170,0.0,0.0,0.0,26.0,26.0,0.0,0.0,0.0,0.0,0.0,28.0,0.0,0.0,0.0,1170
171,0.0,25.0,8.0,15.0,18.0,0.0,26.0,18.0,22.0,0.0,0.0,6.0,0.0,8.0,1171
172,20.0,6.0,18.0,26.0,23.0,19.0,0.0,27.0,0.0,6.0,0.0,15.0,0.0,0.0,1172
173,8.0,0.0,27.0,25.0,12.0,20.0,0.0,9.0,11.0,0.0,0.0,0.0,5.0,0.0,1173
174,9.0,21.0,0.0,27.0,27.0,0.0,22.0,25.0,17.0,0.0,17.0,0.0,0.0,0.0,1174
175,18.0,0.0,11.0,0.0,0.0,0.0,0.0,11.0,11.0,0.0,0.0,11.0,27.0,13.0,1175
176,6.0,20.0,16.0,0.0,16.0,12.0,0.0,13.0,22.0,26.0,19.0,0.0,0.0,29.0,1176
177,25.0,0.0,0.0,6.0,11.0,0.0,0.0,7.0,0.0,25.0,14.0,0.0,6.0,0.0,1177
178,0.0,0.0,0.0,11.0,0.0,0.0,0.0,16.0,0.0,9.0,0.0,5.0,0.0,0.0,1178
179,0.0,21.0,24.0,0.0,0.0,12.0,15.0,0.0,17.0,0.0,20.0,26.0,27.0,22.0,1179
180,0.0,0.0,0.0,0.0,0.0,15.0,0.0,29.0,0.0,0.0,0.0,10.0,0.0,0.0,1180
181,0.0,0.0,0.0,0.0,17.0,0.0,12.0,0.0,0.0,0.0,14.0,13.0,0.0,11.0,1181
182,0.0,28.0,0.0,23.0,0.0,0.0,15.0,0.0,17.0,0.0,27.0,0.0,0.0,0.0,1182
183,0.0,13.0,26.0,21.0,0.0,0.0,26.0,20.0,0.0,0.0,8.0,0.0,23.0,25.0,1183
184,27.0,20.0,28.0,7.0,21.0,26.0,0.0,0.0,21.0,0.0,25.0,27.0,0.0,0.0,1184
185,0.0,7.0,0.0,0.0,27.0,0.0,0.0,0.0,0.0,20.0,18.0,0.0,0.0,9.0,1185
186,17.0,28.0,0.0,8.0,0.0,14.0,0.0,29.0,15.0,18.0,14.0,28.0,0.0,0.0,1186
187,20.0,12.0,0.0,13.0,0.0,0.0,0.0,15.0,0.0,20.0,0.0,25.0,0.0,22.0,1187
188,0.0,0.0,0.0,20.0,13.0,12.0,0.0,6.0,0.0,22.0,12.0,0.0,0.0,9.0,1188
189,24.0,0.0,12.0,27.0,13.0,8.0,8.0,0.0,6.0,0.0,0.0,0.0,17.0,0.0,1189
190,0.0,0.0,0.0,0.0,0.0,6.0,15.0,0.0,0.0,0.0,0.0,15.0,0.0,0.0,1190
191,0.0,16.0,28.0,0.0,19.0,0.0,0.0,6.0,0.0,5.0,12.0,0.0,6.0,0.0,1191
192,25.0,0.0,20.0,23.0,0.0,0.0,23.0,13.0,0.0,12.0,18.0,23.0,16.0,21.0,1192
193,0.0,0.0,0.0,0.0,0.0,24.0,12.0,20.0,0.0,6.0,0.0,28.0,12.0,0.0,1193
194,22.0,0.0,11.0,0.0,0.0,15.0,17.0,8.0,0.0,17.0,0.0,24.0,0.0,0.0,1194
195,0.0,0.0,0.0,29.0,0.0,0.0,28.0,0.0,7.0,23.0,25.0,12.0,0.0,0.0,1195
196,0.0,25.0,17.0,0.0,9.0,22.0,10.0,14.0,0.0,0.0,20.0,11.0,16.0,0.0,1196
197,0.0,18.0,10.0,0.0,18.0,19.0,0.0,17.0,28.0,7.0,0.0,0.0,22.0,19.0,1197
198,0.0,17.0,15.0,8.0,9.0,0.0,12.0,0.0,0.0,0.0,25.0,5.0,28.0,0.0,1198
199,0.0,0.0,0.0,28.0,25.0,0.0,16.0,15.0,0.0,0.0,0.0,0.0,0.0,7.0,1199
200,0.0,0.0,0.0,0.0,5.0,14.0,0.0,0.0,17.0,16.0,0.0,25.0,0.0,0.0,1200
201,0.0,0.0,25.0,15.0,0.0,9.0,16.0,0.0,15.0,20.0,0.0,17.0,8.0,17.0,1201
202,12.0,27.0,0.0,0.0,19.0,0.0,12.0,0.0,8.0,19.0,0.0,0.0,19.0,23.0,1202
203,0.0,16.0,18.0,25.0,14.0,0.0,0.0,0.0,0.0,21.0,0.0,0.0,0.0,0.0,1203
204,25.0,0.0,17.0,16.0,0.0,23.0,9.0,0.0,0.0,15.0,24.0,28.0,0.0,5.0,1204
205,23.0,25.0,0.0,0.0,18.0,0.0,0.0,0.0,0.0,0.0,0.0,0.0,22.0,27.0,1205
206,0.0,0.0,27.0,5.0,0.0,8.0,0.0,24.0,5.0,0.0,0.0,0.0,0.0,0.0,1206
207,0.0,8.0,0.0,0.0,8.0,18.0,0.0,0.0,14.0,17.0,0.0,24.0,0.0,11.0,1207
208,9.0,0.0,23.0,27.0,0.0,25.0,29.0,12.0,0.0,0.0,12.0,10.0,19.0,0.0,1208
209,9.0,6.0,9.0,28.0,29.0,0.0,0.0,9.0,19.0,6.0,0.0,25.0,24.0,21.0,1209
210,0.0,8.0,9.0,0.0,0.0,0.0,28.0,0.0,0.0,0.0,0.0,27.0,0.0,18.0,1210
211,25.0,8.0,28.0,0.0,0.0,20.0,0.0,16.0,10.0,0.0,20.0,0.0,27.0,0.0,1211
212,28.0,21.0,0.0,13.0,12.0,0.0,24.0,28.0,14.0,23.0,0.0,0.0,23.0,26.0,1212
213,0.0,0.0,16.0,0.0,22.0,0.0,0.0,0.0,0.0,18.0,19.0,9.0,0.0,0.0,1213
214,0.0,0.0,0.0,23.0,0.0,22.0,0.0,0.0,9.0,0.0,9.0,0.0,0.0,21.0,1214
215,0.0,11.0,12.0,0.0,6.0,0.0,0.0,26.0,6.0,0.0,0.0,13.0,20.0,15.0,1215
216,0.0,0.0,0.0,0.0,0.0,0.0,0.0,0.0,16.0,21.0,0.0,10.0,0.0,0.0,1216
217,16.0,14.0,0.0,16.0,0.0,29.0,28.0,0.0,0.0,0.0,26.0,28.0,20.0,0.0,1217
218,13.0,26.0,0.0,17.0,6.0,27.0,0.0,0.0,9.0,0.0,12.0,0.0,6.0,0.0,1218
219,0.0,24.0,22.0,0.0,0.0,0.0,7.0,0.0,0.0,0.0,0.0,0.0,0.0,0.0,1219
220,0.0,13.0,0.0,5.0,0.0,0.0,8.0,24.0,0.0,0.0,0.0,0.0,0.0,0.0,1220
221,8.0,16.0,20.0,15.0,18.0,10.0,0.0,27.0,21.0,5.0,0.0,23.0,0.0,11.0,1221
222,23.0,0.0,15.0,0.0,5.0,0.0,0.0,0.0,18.0,0.0,0.0,29.0,14.0,0.0,1222
223,13.0,0.0,11.0,0.0,27.0,0.0,0.0,0.0,25.0,0.0,24.0,5.0,0.0,17.0,1223
224,27.0,11.0,0.0,0.0,13.0,24.0,13.0,17.0,16.0,0.0,15.0,22.0,0.0,10.0,1224
225,0.0,0.0,5.0,0.0,23.0,25.0,0.0,16.0,28.0,0.0,0.0,0.0,0.0,18.0,1225
226,7.0,23.0,27.0,10.0,0.0,8.0,0.0,0.0,0.0,16.0,10.0,0.0,19.0,23.0,1226
227,24.0,22.0,23.0,0.0,29.0,5.0,20.0,0.0,20.0,28.0,11.0,0.0,0.0,17.0,1227
228,0.0,22.0,20.0,9.0,27.0,18.0,0.0,12.0,0.0,27.0,10.0,27.0,0.0,13.0,1228
229,0.0,0.0,0.0,26.0,9.0,6.0,23.0,0.0,0.0,0.0,0.0,0.0,0.0,28.0,1229
230,0.0,29.0,27.0,0.0,24.0,23.0,12.0,0.0,23.0,11.0,8.0,0.0,0.0,24.0,1230
231,7.0,16.0,19.0,0.0,0.0,0.0,0.0,0.0,10.0,18.0,0.0,6.0,24.0,0.0,1231
232,23.0,24.0,0.0,8.0,7.0,12.0,6.0,15.0,7.0,27.0,0.0,22.0,24.0,0.0,1232
233,10.0,0.0,19.0,14.0,9.0,21.0,0.0,0.0,10.0,28.0,0.0,17.0,0.0,11.0,1233
234,0.0,20.0,14.0,0.0,7.0,27.0,17.0,9.0,8.0,17.0,19.0,0.0,12.0,19.0,1234
235,27.0,0.0,0.0,0.0,0.0,0.0,0.0,0.0,5.0,0.0,0.0,0.0,0.0,17.0,1235
236,0.0,0.0,27.0,9.0,0.0,5.0,0.0,0.0,17.0,5.0,0.0,0.0,0.0,14.0,1236
237,0.0,26.0,0.0,15.0,0.0,0.0,22.0,16.0,0.0,24.0,0.0,12.0,0.0,0.0,1237
238,0.0,0.0,0.0,0.0,7.0,7.0,0.0,18.0,0.0,0.0,21.0,0.0,0.0,18.0,1238
239,20.0,0.0,12.0,6.0,0.0,22.0,15.0,0.0,0.0,0.0,18.0,11.0,9.0,14.0,1239
240,20.0,26.0,0.0,18.0,7.0,0.0,0.0,22.0,0.0,0.0,0.0,0.0,27.0,9.0,1240
241,0.0,0.0,25.0,0.0,0.0,25.0,0.0,8.0,0.0,0.0,28.0,0.0,29.0,8.0,1241
242,11.0,0.0,0.0,28.0,5.0,0.0,10.0,0.0,14.0,0.0,0.0,25.0,19.0,0.0,1242
243,0.0,9.0,0.0,16.0,14.0,0.0,0.0,14.0,23.0,0.0,18.0,0.0,0.0,0.0,1243
244,0.0,0.0,5.0,11.0,0.0,14.0,0.0,20.0,0.0,0.0,0.0,18.0,9.0,16.0,1244
245,0.0,16.0,0.0,0.0,0.0,19.0,27.0,0.0,0.0,9.0,9.0,0.0,10.0,23.0,1245
246,0.0,0.0,0.0,0.0,0.0,22.0,16.0,0.0,5.0,27.0,0.0,6.0,0.0,23.0,1246
247,0.0,0.0,0.0,11.0,0.0,25.0,0.0,0.0,0.0,0.0,0.0,17.0,6.0,29.0,1247
248,20.0,16.0,8.0,0.0,0.0,0.0,26.0,0.0,0.0,0.0,0.0,0.0,0.0,22.0,1248
249,0.0,0.0,5.0,29.0,10.0,8.0,0.0,26.0,6.0,28.0,8.0,0.0,0.0,0.0,1249
250,15.0,10.0,0.0,0.0,23.0,0.0,13.0,0.0,6.0,19.0,27.0,19.0,25.0,0.0,1250
251,7.0,0.0,0.0,0.0,0.0,12.0,0.0,0.0,7.0,0.0,15.0,0.0,0.0,18.0,1251
252,6.0,15.0,0.0,28.0,13.0,0.0,7.0,0.0,0.0,16.0,26.0,0.0,0.0,10.0,1252
253,25.0,27.0,0.0,24.0,16.0,19.0,0.0,8.0,17.0,0.0,0.0,28.0,27.0,0.0,1253
254,21.0,0.0,0.0,0.0,22.0,11.0,18.0,24.0,13.0,0.0,0.0,0.0,21.0,28.0,1254
255,0.0,24.0,16.0,0.0,0.0,13.0,7.0,18.0,7.0,25.0,0.0,17.0,13.0,16.0,1255
256,0.0,12.0,0.0,29.0,0.0,29.0,0.0,0.0,0.0,24.0,0.0,0.0,0.0,0.0,1256
257,0.0,17.0,26.0,7.0,22.0,16.0,0.0,20.0,17.0,7.0,0.0,27.0,25.0,0.0,1257
258,16.0,0.0,0.0,0.0,22.0,0.0,0.0,0.0,9.0,0.0,0.0,0.0,29.0,7.0,1258
259,12.0,18.0,24.0,0.0,25.0,0.0,0.0,0.0,26.0,14.0,16.0,12.0,12.0,10.0,1259
260,23.0,0.0,24.0,26.0,29.0,0.0,6.0,0.0,0.0,10.0,0.0,0.0,12.0,0.0,1260
261,18.0,16.0,0.0,26.0,26.0,11.0,27.0,15.0,13.0,0.0,0.0,8.0,0.0,0.0,1261
262,0.0,0.0,21.0,0.0,21.0,5.0,23.0,0.0,23.0,6.0,10.0,0.0,0.0,28.0,1262
263,0.0,0.0,0.0,16.0,0.0,0.0,10.0,24.0,20.0,0.0,27.0,5.0,0.0,23.0,1263
264,0.0,27.0,10.0,0.0,0.0,0.0,0.0,0.0,11.0,11.0,19.0,0.0,8.0,0.0,1264
265,0.0,16.0,10.0,0.0,12.0,0.0,27.0,20.0,19.0,12.0,17.0,0.0,0.0,23.0,1265
266,24.0,21.0,12.0,28.0,0.0,22.0,19.0,0.0,0.0,14.0,13.0,0.0,13.0,20.0,1266
267,10.0,8.0,0.0,0.0,0.0,28.0,0.0,0.0,26.0,21.0,8.0,17.0,0.0,0.0,1267
268,21.0,0.0,0.0,22.0,28.0,20.0,0.0,29.0,23.0,21.0,0.0,16.0,14.0,0.0,1268
269,0.0,0.0,11.0,0.0,21.0,25.0,13.0,0.0,7.0,0.0,0.0,9.0,0.0,19.0,1269
270,17.0,20.0,5.0,0.0,0.0,0.0,27.0,13.0,20.0,0.0,11.0,5.0,0.0,10.0,1270
271,0.0,10.0,25.0,6.0,17.0,0.0,0.0,17.0,0.0,11.0,16.0,21.0,5.0,14.0,1271
272,22.0,0.0,27.0,13.0,0.0,26.0,9.0,8.0,12.0,0.0,0.0,0.0,28.0,0.0,1272
273,14.0,0.0,18.0,15.0,0.0,15.0,22.0,0.0,17.0,0.0,5.0,29.0,21.0,0.0,1273
274,20.0,0.0,0.0,19.0,0.0,0.0,0.0,0.0,0.0,23.0,0.0,0.0,26.0,0.0,1274
275,24.0,0.0,15.0,0.0,19.0,6.0,17.0,0.0,24.0,13.0,0.0,0.0,0.0,0.0,1275
276,29.0,25.0,0.0,0.0,26.0,16.0,0.0,0.0,27.0,15.0,15.0,12.0,0.0,0.0,1276
277,23.0,0.0,24.0,0.0,0.0,0.0,0.0,27.0,15.0,0.0,0.0,0.0,9.0,28.0,1277
278,16.0,7.0,0.0,0.0,8.0,0.0,0.0,21.0,22.0,0.0,0.0,21.0,25.0,11.0,1278
279,0.0,0.0,0.0,18.0,0.0,0.0,26.0,6.0,0.0,27.0,0.0,8.0,0.0,0.0,1279
280,12.0,0.0,6.0,8.0,0.0,9.0,9.0,0.0,15.0,0.0,0.0,29.0,0.0,28.0,1280
281,0.0,0.0,6.0,0.0,0.0,23.0,7.0,0.0,5.0,12.0,17.0,7.0,0.0,0.0,1281
282,27.0,0.0,0.0,23.0,9.0,0.0,0.0,20.0,21.0,0.0,0.0,0.0,15.0,8.0,1282
283,27.0,0.0,11.0,15.0,22.0,15.0,0.0,0.0,0.0,12.0,20.0,6.0,0.0,16.0,1283
284,0.0,13.0,0.0,0.0,0.0,15.0,11.0,16.0,7.0,23.0,23.0,0.0,0.0,7.0,1284
285,0.0,13.0,0.0,7.0,0.0,0.0,0.0,5.0,16.0,17.0,17.0,20.0,0.0,0.0,1285
286,11.0,9.0,21.0,6.0,0.0,21.0,0.0,29.0,6.0,0.0,23.0,14.0,17.0,0.0,1286
287,24.0,0.0,18.0,6.0,0.0,0.0,0.0,17.0,22.0,20.0,0.0,0.0,0.0,0.0,1287
288,0.0,0.0,0.0,0.0,0.0,10.0,0.0,14.0,0.0,21.0,0.0,0.0,9.0,12.0,1288
289,0.0,0.0,0.0,5.0,14.0,12.0,0.0,6.0,0.0,28.0,27.0,21.0,0.0,10.0,1289
290,0.0,9.0,21.0,0.0,0.0,11.0,0.0,27.0,25.0,7.0,0.0,24.0,5.0,0.0,1290
291,7.0,0.0,14.0,0.0,16.0,0.0,28.0,9.0,0.0,11.0,23.0,21.0,0.0,0.0,1291
292,5.0,0.0,0.0,15.0,0.0,0.0,0.0,0.0,6.0,0.0,0.0,29.0,18.0,0.0,1292
293,10.0,23.0,0.0,0.0,0.0,21.0,8.0,0.0,0.0,5.0,0.0,12.0,0.0,21.0,1293
294,27.0,28.0,0.0,0.0,20.0,0.0,16.0,0.0,13.0,0.0,0.0,0.0,13.0,0.0,1294
295,25.0,0.0,20.0,5.0,5.0,0.0,12.0,0.0,14.0,14.0,13.0,29.0,0.0,0.0,1295
296,0.0,23.0,0.0,0.0,0.0,23.0,0.0,0.0,25.0,27.0,16.0,0.0,24.0,28.0,1296
297,18.0,0.0,7.0,0.0,25.0,26.0,0.0,7.0,8.0,0.0,0.0,0.0,0.0,28.0,1297
298,16.0,17.0,15.0,28.0,0.0,8.0,13.0,13.0,18.0,0.0,0.0,27.0,18.0,0.0,1298
299,7.0,0.0,24.0,0.0,12.0,22.0,27.0,0.0,16.0,0.0,0.0,0.0,0.0,0.0,1299
300,0.0,0.0,0.0,25.0,0.0,0.0,26.0,0.0,0.0,20.0,0.0,12.0,0.0,19.0,1300
301,0.0,0.0,0.0,19.0,20.0,0.0,0.0,0.0,0.0,17.0,23.0,8.0,23.0,0.0,1301
302,28.0,18.0,0.0,0.0,0.0,25.0,11.0,0.0,14.0,0.0,25.0,0.0,6.0,0.0,1302
303,9.0,0.0,0.0,19.0,0.0,28.0,0.0,0.0,0.0,0.0,17.0,12.0,28.0,0.0,1303
304,6.0,25.0,19.0,23.0,14.0,0.0,20.0,0.0,0.0,8.0,0.0,21.0,14.0,19.0,1304
305,0.0,0.0,16.0,26.0,16.0,22.0,0.0,0.0,0.0,9.0,5.0,17.0,28.0,9.0,1305
306,24.0,23.0,0.0,0.0,0.0,18.0,19.0,15.0,16.0,25.0,0.0,5.0,10.0,14.0,1306
307,25.0,25.0,0.0,0.0,0.0,0.0,0.0,16.0,11.0,9.0,0.0,25.0,9.0,0.0,1307
308,0.0,29.0,0.0,16.0,0.0,19.0,0.0,27.0,0.0,0.0,0.0,0.0,23.0,18.0,1308
309,0.0,0.0,0.0,0.0,10.0,9.0,7.0,0.0,7.0,0.0,0.0,0.0,12.0,0.0,1309
310,0.0,0.0,22.0,0.0,21.0,26.0,0.0,7.0,0.0,15.0,9.0,21.0,18.0,23.0,1310
311,24.0,5.0,21.0,0.0,0.0,23.0,21.0,20.0,22.0,0.0,25.0,19.0,20.0,0.0,1311
312,0.0,0.0,24.0,9.0,0.0,28.0,0.0,0.0,0.0,27.0,11.0,0.0,16.0,0.0,1312
313,0.0,0.0,0.0,0.0,0.0,17.0,9.0,12.0,0.0,24.0,0.0,19.0,19.0,19.0,1313
314,24.0,0.0,12.0,22.0,0.0,0.0,29.0,13.0,0.0,0.0,19.0,0.0,22.0,0.0,1314
315,10.0,0.0,9.0,7.0,0.0,0.0,29.0,22.0,18.0,0.0,0.0,12.0,0.0,0.0,1315
316,0.0,5.0,0.0,0.0,0.0,17.0,0.0,0.0,19.0,7.0,5.0,7.0,0.0,0.0,1316
317,9.0,28.0,0.0,0.0,0.0,0.0,29.0,26.0,21.0,0.0,10.0,12.0,0.0,16.0,1317
318,19.0,5.0,0.0,14.0,0.0,0.0,0.0,0.0,0.0,0.0,17.0,0.0,0.0,15.0,1318
319,0.0,0.0,0.0,22.0,0.0,0.0,0.0,0.0,0.0,0.0,0.0,27.0,0.0,0.0,1319
320,28.0,0.0,17.0,0.0,27.0,25.0,5.0,0.0,0.0,0.0,0.0,0.0,0.0,22.0,1320
321,14.0,0.0,19.0,21.0,28.0,20.0,28.0,0.0,0.0,0.0,18.0,0.0,0.0,28.0,1321
322,25.0,20.0,0.0,0.0,23.0,0.0,0.0,0.0,0.0,11.0,14.0,0.0,0.0,22.0,1322
323,5.0,23.0,23.0,0.0,0.0,24.0,0.0,19.0,0.0,0.0,14.0,11.0,10.0,18.0,1323
324,6.0,9.0,0.0,9.0,10.0,0.0,0.0,23.0,16.0,0.0,0.0,0.0,10.0,0.0,1324
325,5.0,27.0,21.0,0.0,25.0,6.0,0.0,0.0,8.0,0.0,16.0,0.0,5.0,12.0,1325
326,0.0,0.0,6.0,23.0,0.0,28.0,0.0,0.0,0.0,18.0,27.0,0.0,0.0,19.0,1326
327,6.0,0.0,0.0,0.0,10.0,0.0,0.0,27.0,21.0,21.0,21.0,25.0,18.0,21.0,1327
328,0.0,0.0,17.0,14.0,0.0,28.0,17.0,0.0,0.0,0.0,10.0,0.0,7.0,0.0,1328
329,8.0,0.0,0.0,14.0,28.0,0.0,0.0,0.0,0.0,22.0,0.0,0.0,0.0,0.0,1329
330,0.0,0.0,10.0,23.0,0.0,0.0,0.0,13.0,0.0,10.0,0.0,0.0,0.0,25.0,1330
331,23.0,0.0,15.0,28.0,0.0,0.0,0.0,0.0,0.0,17.0,0.0,13.0,5.0,18.0,1331
332,21.0,7.0,0.0,16.0,0.0,0.0,0.0,0.0,14.0,11.0,0.0,8.0,0.0,0.0,1332
333,6.0,26.0,16.0,0.0,13.0,0.0,0.0,10.0,0.0,6.0,8.0,18.0,17.0,0.0,1333
334,0.0,0.0,0.0,11.0,0.0,25.0,0.0,12.0,0.0,0.0,25.0,5.0,0.0,0.0,1334
335,0.0,14.0,19.0,5.0,15.0,0.0,0.0,0.0,11.0,15.0,0.0,15.0,18.0,16.0,1335
336,0.0,15.0,12.0,0.0,0.0,25.0,8.0,0.0,29.0,0.0,0.0,16.0,0.0,24.0,1336
337,0.0,0.0,21.0,0.0,10.0,0.0,0.0,13.0,26.0,0.0,0.0,15.0,0.0,28.0,1337
338,12.0,0.0,12.0,0.0,0.0,5.0,0.0,0.0,0.0,20.0,24.0,0.0,0.0,22.0,1338
339,23.0,0.0,16.0,12.0,0.0,0.0,0.0,25.0,0.0,23.0,25.0,26.0,0.0,24.0,1339
340,13.0,0.0,29.0,0.0,29.0,0.0,5.0,22.0,11.0,18.0,0.0,10.0,0.0,21.0,1340
341,5.0,13.0,25.0,0.0,0.0,11.0,11.0,0.0,0.0,0.0,0.0,29.0,0.0,0.0,1341
342,0.0,25.0,11.0,0.0,29.0,0.0,12.0,19.0,0.0,0.0,11.0,23.0,14.0,17.0,1342
343,0.0,17.0,0.0,0.0,0.0,0.0,22.0,0.0,0.0,19.0,17.0,22.0,0.0,29.0,1343
344,9.0,10.0,0.0,12.0,0.0,0.0,0.0,18.0,0.0,28.0,20.0,9.0,22.0,24.0,1344
345,0.0,0.0,0.0,15.0,10.0,0.0,0.0,0.0,5.0,0.0,0.0,0.0,14.0,0.0,1345
346,0.0,0.0,0.0,0.0,0.0,7.0,25.0,20.0,0.0,16.0,24.0,0.0,0.0,24.0,1346
347,23.0,0.0,0.0,25.0,0.0,10.0,7.0,6.0,11.0,0.0,0.0,0.0,0.0,0.0,1347
348,7.0,0.0,10.0,0.0,6.0,0.0,16.0,28.0,7.0,23.0,0.0,22.0,24.0,28.0,1348
349,15.0,0.0,0.0,0.0,0.0,25.0,14.0,14.0,0.0,0.0,21.0,27.0,20.0,26.0,1349
350,5.0,0.0,16.0,0.0,8.0,8.0,14.0,0.0,0.0,0.0,24.0,0.0,18.0,0.0,1350
351,26.0,0.0,13.0,0.0,29.0,29.0,23.0,0.0,0.0,0.0,0.0,0.0,0.0,23.0,1351
352,0.0,16.0,0.0,6.0,17.0,0.0,0.0,19.0,17.0,16.0,0.0,18.0,0.0,0.0,1352
353,8.0,26.0,0.0,0.0,0.0,7.0,22.0,19.0,10.0,0.0,0.0,11.0,16.0,8.0,1353
354,8.0,7.0,19.0,19.0,0.0,26.0,0.0,18.0,0.0,5.0,18.0,22.0,12.0,0.0,1354
355,0.0,20.0,18.0,0.0,0.0,0.0,29.0,14.0,0.0,24.0,21.0,20.0,0.0,9.0,1355
356,0.0,0.0,0.0,0.0,0.0,5.0,0.0,0.0,0.0,29.0,0.0,0.0,7.0,0.0,1356
357,0.0,14.0,27.0,0.0,0.0,7.0,0.0,0.0,0.0,0.0,0.0,0.0,0.0,0.0,1357
358,9.0,13.0,16.0,0.0,8.0,0.0,15.0,0.0,0.0,0.0,0.0,8.0,28.0,0.0,1358
359,0.0,22.0,0.0,0.0,0.0,0.0,0.0,6.0,0.0,9.0,21.0,0.0,6.0,0.0,1359
360,0.0,16.0,25.0,23.0,7.0,9.0,0.0,13.0,0.0,12.0,10.0,0.0,10.0,22.0,1360
361,24.0,0.0,29.0,0.0,0.0,0.0,28.0,0.0,7.0,20.0,0.0,0.0,0.0,0.0,1361
362,0.0,6.0,0.0,27.0,14.0,0.0,0.0,0.0,0.0,0.0,22.0,13.0,7.0,0.0,1362
363,6.0,0.0,0.0,17.0,0.0,9.0,19.0,0.0,25.0,7.0,0.0,5.0,19.0,0.0,1363
364,21.0,18.0,0.0,16.0,16.0,0.0,24.0,23.0,9.0,11.0,0.0,0.0,0.0,5.0,1364
365,17.0,20.0,13.0,0.0,0.0,27.0,0.0,0.0,21.0,0.0,29.0,0.0,0.0,0.0,1365
366,23.0,0.0,0.0,5.0,5.0,0.0,15.0,0.0,0.0,0.0,0.0,0.0,0.0,0.0,1366
367,17.0,14.0,12.0,7.0,0.0,7.0,0.0,8.0,0.0,0.0,0.0,16.0,17.0,0.0,1367
368,23.0,0.0,0.0,21.0,22.0,23.0,8.0,0.0,20.0,0.0,0.0,16.0,0.0,7.0,1368
369,21.0,10.0,0.0,0.0,26.0,0.0,29.0,0.0,12.0,18.0,8.0,19.0,0.0,0.0,1369
370,9.0,0.0,0.0,13.0,10.0,0.0,0.0,17.0,0.0,26.0,0.0,27.0,17.0,0.0,1370
371,0.0,12.0,18.0,17.0,0.0,7.0,29.0,29.0,0.0,0.0,0.0,7.0,0.0,0.0,1371
372,0.0,0.0,0.0,20.0,0.0,13.0,28.0,0.0,14.0,18.0,27.0,0.0,18.0,18.0,1372
373,0.0,28.0,18.0,20.0,25.0,18.0,0.0,8.0,0.0,17.0,15.0,0.0,9.0,0.0,1373
374,23.0,0.0,0.0,9.0,0.0,14.0,0.0,13.0,19.0,0.0,0.0,0.0,24.0,24.0,1374
375,0.0,17.0,0.0,28.0,12.0,0.0,12.0,0.0,27.0,20.0,9.0,6.0,16.0,19.0,1375
376,19.0,0.0,24.0,0.0,16.0,0.0,0.0,19.0,0.0,0.0,14.0,6.0,28.0,0.0,1376
377,8.0,0.0,23.0,0.0,0.0,0.0,0.0,0.0,18.0,12.0,0.0,16.0,7.0,0.0,1377
378,0.0,6.0,5.0,19.0,7.0,24.0,0.0,0.0,10.0,21.0,15.0,23.0,0.0,0.0,1378
379,23.0,0.0,18.0,16.0,18.0,0.0,0.0,6.0,0.0,9.0,0.0,0.0,21.0,19.0,1379
380,26.0,14.0,0.0,0.0,0.0,23.0,0.0,14.0,0.0,0.0,15.0,0.0,15.0,14.0,1380
381,0.0,0.0,17.0,0.0,15.0,0.0,0.0,0.0,29.0,0.0,12.0,0.0,0.0,0.0,1381
382,0.0,0.0,0.0,10.0,0.0,28.0,22.0,0.0,9.0,0.0,0.0,0.0,0.0,22.0,1382
383,23.0,0.0,0.0,0.0,26.0,15.0,14.0,0.0,22.0,0.0,18.0,0.0,9.0,12.0,1383
384,15.0,0.0,11.0,0.0,10.0,0.0,25.0,29.0,19.0,6.0,16.0,0.0,0.0,25.0,1384
385,22.0,0.0,0.0,20.0,6.0,0.0,16.0,0.0,23.0,8.0,0.0,0.0,0.0,6.0,1385
386,24.0,21.0,0.0,23.0,0.0,0.0,22.0,0.0,12.0,8.0,0.0,8.0,21.0,6.0,1386
387,22.0,25.0,8.0,6.0,5.0,0.0,0.0,28.0,0.0,0.0,0.0,0.0,6.0,22.0,1387
388,0.0,27.0,0.0,11.0,16.0,0.0,17.0,20.0,0.0,22.0,14.0,0.0,23.0,14.0,1388
389,0.0,26.0,0.0,18.0,9.0,0.0,19.0,0.0,27.0,13.0,0.0,14.0,24.0,0.0,1389
390,22.0,0.0,0.0,10.0,0.0,0.0,0.0,8.0,9.0,0.0,10.0,0.0,10.0,9.0,1390
391,0.0,14.0,0.0,24.0,17.0,10.0,21.0,0.0,19.0,0.0,0.0,19.0,0.0,16.0,1391
392,14.0,22.0,8.0,0.0,0.0,12.0,10.0,0.0,15.0,0.0,25.0,0.0,25.0,0.0,1392
393,0.0,0.0,0.0,0.0,0.0,0.0,5.0,0.0,0.0,0.0,22.0,21.0,22.0,0.0,1393
394,0.0,11.0,10.0,0.0,5.0,9.0,0.0,0.0,0.0,25.0,0.0,11.0,0.0,12.0,1394
395,16.0,26.0,0.0,17.0,0.0,0.0,25.0,0.0,0.0,12.0,20.0,0.0,0.0,0.0,1395
396,29.0,14.0,5.0,0.0,17.0,0.0,0.0,28.0,6.0,21.0,0.0,15.0,0.0,0.0,1396
397,15.0,0.0,0.0,0.0,0.0,15.0,22.0,25.0,0.0,14.0,14.0,0.0,0.0,12.0,1397
398,8.0,18.0,6.0,17.0,12.0,9.0,16.0,9.0,24.0,0.0,0.0,26.0,28.0,21.0,1398
399,0.0,0.0,0.0,0.0,0.0,0.0,0.0,14.0,28.0,0.0,29.0,26.0,9.0,0.0,1399
400,22.0,0.0,18.0,17.0,0.0,23.0,0.0,26.0,0.0,0.0,28.0,0.0,0.0,17.0,1400
401,6.0,0.0,16.0,0.0,0.0,0.0,0.0,5.0,0.0,0.0,16.0,14.0,24.0,12.0,1401
402,19.0,13.0,0.0,10.0,18.0,0.0,17.0,24.0,0.0,0.0,0.0,0.0,28.0,0.0,1402
403,0.0,0.0,16.0,0.0,0.0,21.0,15.0,0.0,19.0,21.0,0.0,0.0,28.0,0.0,1403
404,0.0,9.0,0.0,8.0,7.0,0.0,22.0,12.0,28.0,22.0,0.0,0.0,5.0,25.0,1404
405,0.0,0.0,26.0,0.0,0.0,0.0,0.0,0.0,0.0,27.0,6.0,17.0,0.0,6.0,1405
406,0.0,0.0,0.0,0.0,10.0,0.0,0.0,16.0,0.0,0.0,14.0,28.0,8.0,0.0,1406
407,5.0,0.0,12.0,0.0,0.0,15.0,0.0,0.0,5.0,19.0,21.0,9.0,0.0,5.0,1407
408,21.0,24.0,19.0,0.0,12.0,15.0,19.0,26.0,28.0,10.0,0.0,25.0,16.0,0.0,1408
409,6.0,26.0,25.0,0.0,0.0,18.0,0.0,22.0,0.0,0.0,0.0,0.0,9.0,0.0,1409
410,0.0,0.0,15.0,0.0,0.0,10.0,0.0,23.0,21.0,0.0,17.0,5.0,0.0,17.0,1410
411,0.0,11.0,23.0,0.0,0.0,17.0,0.0,0.0,0.0,23.0,0.0,0.0,14.0,16.0,1411
412,12.0,13.0,12.0,14.0,16.0,0.0,23.0,0.0,0.0,10.0,0.0,0.0,0.0,28.0,1412
413,5.0,23.0,0.0,29.0,28.0,0.0,0.0,0.0,13.0,10.0,0.0,0.0,10.0,25.0,1413
414,0.0,0.0,0.0,8.0,23.0,12.0,0.0,17.0,5.0,21.0,21.0,0.0,17.0,0.0,1414
415,0.0,0.0,14.0,0.0,0.0,0.0,23.0,0.0,0.0,0.0,0.0,17.0,12.0,23.0,1415
416,22.0,12.0,12.0,0.0,5.0,0.0,12.0,0.0,16.0,0.0,0.0,0.0,0.0,0.0,1416
417,0.0,0.0,0.0,17.0,0.0,0.0,9.0,0.0,11.0,0.0,0.0,0.0,5.0,0.0,1417
418,0.0,0.0,28.0,16.0,11.0,0.0,16.0,26.0,0.0,5.0,0.0,15.0,0.0,24.0,1418
419,0.0,6.0,8.0,0.0,0.0,26.0,0.0,11.0,8.0,0.0,27.0,28.0,29.0,14.0,1419
420,29.0,0.0,0.0,14.0,15.0,5.0,0.0,0.0,19.0,0.0,20.0,0.0,14.0,0.0,1420
421,0.0,22.0,0.0,0.0,25.0,0.0,13.0,0.0,0.0,25.0,0.0,27.0,5.0,0.0,1421
422,20.0,0.0,6.0,0.0,0.0,0.0,0.0,14.0,7.0,0.0,25.0,14.0,0.0,0.0,1422
423,17.0,16.0,0.0,12.0,15.0,0.0,25.0,0.0,10.0,6.0,0.0,0.0,0.0,20.0,1423
424,0.0,0.0,19.0,20.0,0.0,0.0,14.0,0.0,28.0,0.0,0.0,0.0,0.0,0.0,1424
425,0.0,0.0,0.0,0.0,19.0,8.0,0.0,14.0,13.0,0.0,11.0,19.0,0.0,18.0,1425
426,0.0,26.0,28.0,0.0,0.0,9.0,0.0,0.0,23.0,19.0,28.0,0.0,22.0,14.0,1426
427,27.0,0.0,24.0,25.0,0.0,0.0,0.0,29.0,0.0,5.0,14.0,0.0,9.0,26.0,1427
428,0.0,0.0,16.0,0.0,22.0,26.0,0.0,0.0,0.0,0.0,12.0,18.0,0.0,14.0,1428
429,26.0,18.0,0.0,11.0,22.0,10.0,0.0,0.0,0.0,18.0,0.0,23.0,12.0,0.0,1429
430,0.0,10.0,0.0,0.0,0.0,29.0,0.0,0.0,0.0,0.0,23.0,0.0,0.0,0.0,1430
431,8.0,0.0,0.0,10.0,28.0,24.0,0.0,0.0,21.0,0.0,0.0,0.0,0.0,0.0,1431
432,11.0,0.0,22.0,0.0,18.0,7.0,12.0,5.0,0.0,0.0,0.0,29.0,19.0,0.0,1432
433,26.0,10.0,0.0,19.0,0.0,0.0,0.0,15.0,25.0,0.0,0.0,0.0,22.0,11.0,1433
434,0.0,0.0,0.0,11.0,23.0,28.0,0.0,8.0,0.0,20.0,10.0,0.0,20.0,7.0,1434
435,19.0,25.0,26.0,0.0,21.0,0.0,0.0,0.0,5.0,28.0,20.0,27.0,26.0,25.0,1435
436,22.0,0.0,12.0,0.0,27.0,25.0,11.0,13.0,0.0,29.0,0.0,0.0,18.0,0.0,1436
437,0.0,26.0,24.0,19.0,29.0,14.0,28.0,5.0,6.0,9.0,12.0,6.0,14.0,5.0,1437
438,0.0,12.0,28.0,5.0,0.0,0.0,7.0,12.0,25.0,0.0,22.0,7.0,12.0,7.0,1438
439,12.0,0.0,0.0,0.0,0.0,0.0,0.0,15.0,17.0,27.0,0.0,7.0,0.0,0.0,1439
440,0.0,0.0,0.0,7.0,8.0,0.0,0.0,10.0,12.0,0.0,0.0,17.0,8.0,17.0,1440
441,22.0,26.0,0.0,25.0,0.0,26.0,14.0,0.0,7.0,0.0,0.0,0.0,0.0,0.0,1441
442,0.0,19.0,11.0,0.0,20.0,26.0,23.0,0.0,7.0,13.0,16.0,0.0,12.0,14.0,1442
443,20.0,24.0,21.0,0.0,0.0,0.0,0.0,25.0,21.0,19.0,22.0,0.0,0.0,0.0,1443
444,0.0,11.0,26.0,19.0,0.0,16.0,0.0,12.0,0.0,0.0,0.0,16.0,0.0,29.0,1444
445,9.0,25.0,0.0,0.0,6.0,0.0,0.0,0.0,0.0,12.0,0.0,0.0,0.0,13.0,1445
446,10.0,0.0,6.0,0.0,0.0,13.0,0.0,0.0,6.0,5.0,7.0,0.0,7.0,24.0,1446
447,15.0,0.0,0.0,13.0,15.0,0.0,0.0,22.0,0.0,0.0,6.0,0.0,0.0,24.0,1447
448,0.0,0.0,25.0,0.0,5.0,0.0,0.0,9.0,18.0,20.0,0.0,0.0,18.0,0.0,1448
449,22.0,28.0,19.0,26.0,0.0,13.0,0.0,10.0,13.0,0.0,0.0,0.0,24.0,0.0,1449
450,6.0,17.0,0.0,17.0,9.0,8.0,0.0,0.0,25.0,0.0,0.0,0.0,8.0,8.0,1450
451,0.0,0.0,18.0,0.0,0.0,16.0,19.0,0.0,5.0,0.0,0.0,8.0,18.0,0.0,1451
452,0.0,13.0,0.0,23.0,7.0,0.0,0.0,19.0,0.0,24.0,18.0,9.0,17.0,0.0,1452
453,0.0,5.0,10.0,0.0,17.0,0.0,0.0,23.0,0.0,16.0,17.0,0.0,7.0,0.0,1453
454,12.0,27.0,17.0,18.0,15.0,10.0,0.0,28.0,28.0,0.0,0.0,13.0,0.0,21.0,1454
455,0.0,19.0,0.0,0.0,24.0,21.0,26.0,0.0,18.0,24.0,0.0,0.0,27.0,20.0,1455
456,0.0,0.0,7.0,0.0,0.0,14.0,0.0,0.0,16.0,28.0,18.0,0.0,17.0,19.0,1456
457,9.0,7.0,0.0,0.0,18.0,15.0,0.0,0.0,15.0,0.0,0.0,0.0,23.0,11.0,1457
458,0.0,0.0,0.0,13.0,14.0,19.0,0.0,14.0,12.0,8.0,20.0,24.0,8.0,14.0,1458
459,26.0,0.0,15.0,17.0,19.0,0.0,26.0,0.0,0.0,0.0,20.0,21.0,0.0,0.0,1459
460,25.0,0.0,28.0,14.0,0.0,0.0,0.0,18.0,0.0,0.0,14.0,0.0,0.0,0.0,1460
461,0.0,19.0,14.0,0.0,0.0,7.0,0.0,21.0,0.0,0.0,8.0,25.0,0.0,0.0,1461
462,27.0,0.0,0.0,7.0,0.0,0.0,26.0,0.0,29.0,0.0,12.0,18.0,29.0,0.0,1462
463,0.0,0.0,0.0,15.0,0.0,0.0,8.0,22.0,0.0,0.0,17.0,0.0,0.0,0.0,1463
464,0.0,13.0,0.0,16.0,0.0,0.0,0.0,29.0,26.0,20.0,0.0,0.0,16.0,0.0,1464
465,0.0,22.0,28.0,12.0,19.0,20.0,0.0,0.0,6.0,8.0,6.0,0.0,14.0,0.0,1465
466,0.0,29.0,5.0,12.0,0.0,0.0,13.0,0.0,0.0,0.0,8.0,0.0,0.0,0.0,1466
467,19.0,0.0,20.0,22.0,0.0,12.0,10.0,6.0,0.0,0.0,0.0,0.0,0.0,0.0,1467
468,10.0,0.0,0.0,0.0,0.0,0.0,0.0,21.0,0.0,0.0,0.0,18.0,0.0,0.0,1468
469,6.0,0.0,0.0,0.0,26.0,0.0,22.0,14.0,0.0,0.0,13.0,0.0,9.0,0.0,1469
470,12.0,0.0,0.0,13.0,25.0,23.0,27.0,0.0,0.0,23.0,0.0,0.0,0.0,0.0,1470
471,7.0,27.0,0.0,14.0,29.0,13.0,0.0,0.0,0.0,10.0,6.0,0.0,0.0,21.0,1471
472,9.0,0.0,24.0,0.0,0.0,26.0,0.0,28.0,27.0,23.0,0.0,11.0,19.0,0.0,1472
473,27.0,0.0,14.0,0.0,0.0,0.0,19.0,8.0,26.0,0.0,0.0,7.0,0.0,0.0,1473
474,0.0,0.0,23.0,29.0,0.0,0.0,0.0,0.0,13.0,23.0,12.0,11.0,0.0,28.0,1474
475,27.0,0.0,11.0,21.0,5.0,17.0,0.0,0.0,0.0,0.0,0.0,5.0,0.0,16.0,1475
476,27.0,11.0,0.0,19.0,18.0,0.0,0.0,10.0,0.0,0.0,8.0,21.0,11.0,14.0,1476
477,29.0,27.0,21.0,0.0,23.0,0.0,0.0,13.0,27.0,11.0,9.0,0.0,12.0,20.0,1477
478,0.0,0.0,20.0,16.0,0.0,0.0,0.0,29.0,9.0,7.0,11.0,0.0,0.0,12.0,1478
479,22.0,0.0,0.0,20.0,23.0,11.0,0.0,8.0,12.0,10.0,29.0,29.0,24.0,0.0,1479
480,9.0,0.0,11.0,18.0,18.0,15.0,16.0,0.0,7.0,0.0,27.0,12.0,0.0,28.0,1480
481,0.0,0.0,0.0,0.0,0.0,0.0,17.0,27.0,6.0,0.0,0.0,25.0,26.0,0.0,1481
482,14.0,0.0,0.0,24.0,0.0,0.0,20.0,0.0,0.0,0.0,0.0,0.0,0.0,25.0,1482
483,14.0,14.0,7.0,11.0,22.0,0.0,0.0,27.0,0.0,0.0,0.0,0.0,0.0,13.0,1483
484,7.0,10.0,0.0,0.0,8.0,15.0,5.0,26.0,0.0,19.0,5.0,0.0,0.0,0.0,1484
485,11.0,0.0,0.0,22.0,0.0,0.0,9.0,0.0,5.0,0.0,20.0,18.0,11.0,27.0,1485
486,27.0,23.0,18.0,23.0,7.0,29.0,0.0,27.0,0.0,0.0,0.0,0.0,0.0,0.0,1486
487,24.0,22.0,0.0,12.0,21.0,0.0,0.0,0.0,10.0,20.0,8.0,0.0,0.0,28.0,1487
488,0.0,0.0,23.0,11.0,10.0,0.0,0.0,24.0,29.0,0.0,0.0,0.0,19.0,0.0,1488
489,0.0,15.0,0.0,0.0,0.0,17.0,0.0,0.0,13.0,0.0,24.0,0.0,29.0,0.0,1489
490,27.0,7.0,22.0,24.0,0.0,0.0,0.0,12.0,0.0,28.0,17.0,14.0,9.0,0.0,1490
491,0.0,15.0,13.0,10.0,0.0,0.0,0.0,14.0,0.0,19.0,14.0,0.0,27.0,0.0,1491
492,0.0,0.0,0.0,0.0,28.0,24.0,0.0,0.0,28.0,14.0,6.0,11.0,7.0,0.0,1492
493,9.0,15.0,0.0,0.0,6.0,14.0,0.0,0.0,10.0,0.0,10.0,0.0,7.0,0.0,1493
494,22.0,25.0,0.0,27.0,23.0,0.0,0.0,0.0,12.0,20.0,18.0,0.0,13.0,0.0,1494
495,21.0,19.0,0.0,19.0,0.0,25.0,0.0,22.0,0.0,13.0,12.0,27.0,10.0,0.0,1495
496,9.0,10.0,17.0,13.0,6.0,0.0,0.0,0.0,9.0,0.0,0.0,25.0,22.0,0.0,1496
497,0.0,8.0,16.0,0.0,0.0,0.0,0.0,0.0,0.0,0.0,0.0,0.0,15.0,0.0,1497
498,0.0,11.0,0.0,0.0,0.0,18.0,0.0,0.0,13.0,28.0,0.0,0.0,15.0,24.0,1498
499,28.0,0.0,24.0,10.0,0.0,21.0,0.0,0.0,6.0,0.0,24.0,0.0,5.0,0.0,1499
500,0.0,0.0,0.0,0.0,0.0,0.0,0.0,0.0,9.0,0.0,15.0,11.0,0.0,27.0,1500
501,9.0,18.0,26.0,0.0,0.0,0.0,14.0,29.0,25.0,0.0,0.0,14.0,26.0,0.0,1501
502,0.0,0.0,16.0,26.0,0.0,10.0,23.0,12.0,0.0,28.0,5.0,7.0,0.0,18.0,1502
503,0.0,11.0,0.0,29.0,0.0,26.0,6.0,10.0,17.0,9.0,0.0,6.0,10.0,9.0,1503
504,0.0,24.0,0.0,0.0,14.0,0.0,10.0,0.0,0.0,21.0,0.0,17.0,18.0,10.0,1504
505,0.0,28.0,0.0,0.0,0.0,0.0,7.0,0.0,18.0,18.0,0.0,0.0,0.0,16.0,1505
506,22.0,0.0,22.0,23.0,0.0,26.0,18.0,24.0,0.0,0.0,8.0,0.0,13.0,0.0,1506
507,0.0,9.0,19.0,11.0,0.0,0.0,0.0,0.0,17.0,14.0,28.0,0.0,0.0,0.0,1507
508,0.0,14.0,25.0,0.0,0.0,0.0,0.0,0.0,0.0,20.0,0.0,14.0,24.0,0.0,1508
509,16.0,0.0,0.0,0.0,15.0,0.0,13.0,6.0,0.0,0.0,24.0,0.0,14.0,7.0,1509
510,0.0,5.0,0.0,0.0,15.0,19.0,14.0,10.0,29.0,8.0,26.0,0.0,0.0,0.0,1510
511,0.0,0.0,14.0,9.0,0.0,22.0,26.0,20.0,26.0,15.0,0.0,0.0,21.0,0.0,1511
512,0.0,12.0,23.0,11.0,0.0,0.0,16.0,0.0,9.0,0.0,0.0,0.0,29.0,0.0,1512
513,0.0,0.0,0.0,0.0,21.0,14.0,0.0,22.0,0.0,22.0,0.0,7.0,17.0,12.0,1513
514,12.0,0.0,0.0,0.0,7.0,0.0,0.0,0.0,7.0,0.0,0.0,28.0,5.0,0.0,1514
515,9.0,20.0,21.0,0.0,0.0,5.0,15.0,0.0,18.0,0.0,0.0,27.0,15.0,0.0,1515
516,0.0,0.0,0.0,0.0,0.0,22.0,10.0,0.0,23.0,0.0,0.0,17.0,0.0,26.0,1516
517,10.0,0.0,6.0,0.0,0.0,18.0,0.0,0.0,0.0,0.0,28.0,5.0,21.0,0.0,1517
518,27.0,0.0,0.0,22.0,0.0,0.0,14.0,6.0,19.0,29.0,0.0,13.0,21.0,0.0,1518
519,0.0,10.0,0.0,0.0,23.0,13.0,0.0,6.0,0.0,0.0,18.0,0.0,26.0,0.0,1519
520,0.0,29.0,22.0,15.0,0.0,19.0,0.0,0.0,20.0,13.0,28.0,0.0,0.0,0.0,1520
521,7.0,28.0,0.0,17.0,27.0,25.0,21.0,15.0,0.0,0.0,27.0,24.0,6.0,12.0,1521
522,0.0,0.0,0.0,0.0,0.0,0.0,29.0,0.0,17.0,23.0,0.0,0.0,12.0,25.0,1522
523,0.0,22.0,21.0,19.0,0.0,0.0,0.0,16.0,0.0,0.0,14.0,0.0,0.0,0.0,1523
524,17.0,6.0,0.0,0.0,0.0,0.0,23.0,0.0,0.0,0.0,5.0,22.0,5.0,29.0,1524
525,0.0,25.0,24.0,28.0,0.0,0.0,11.0,22.0,27.0,10.0,0.0,0.0,0.0,28.0,1525
526,0.0,16.0,0.0,0.0,0.0,0.0,0.0,0.0,0.0,14.0,8.0,26.0,0.0,0.0,1526
527,5.0,23.0,29.0,0.0,0.0,6.0,0.0,5.0,0.0,0.0,0.0,0.0,0.0,20.0,1527
528,21.0,0.0,18.0,14.0,20.0,26.0,0.0,0.0,0.0,0.0,15.0,5.0,19.0,22.0,1528
529,0.0,0.0,24.0,11.0,9.0,0.0,18.0,5.0,11.0,16.0,0.0,0.0,0.0,20.0,1529
530,0.0,10.0,0.0,9.0,0.0,27.0,0.0,24.0,0.0,29.0,18.0,0.0,9.0,14.0,1530
531,0.0,0.0,26.0,26.0,19.0,16.0,0.0,0.0,12.0,0.0,0.0,0.0,0.0,0.0,1531
532,0.0,16.0,25.0,25.0,0.0,0.0,0.0,18.0,8.0,0.0,0.0,10.0,25.0,0.0,1532
533,21.0,0.0,0.0,0.0,12.0,0.0,9.0,0.0,24.0,0.0,11.0,14.0,17.0,17.0,1533
534,22.0,25.0,0.0,9.0,15.0,0.0,24.0,0.0,5.0,0.0,9.0,13.0,20.0,0.0,1534
535,13.0,0.0,15.0,0.0,26.0,24.0,28.0,0.0,16.0,14.0,0.0,21.0,0.0,19.0,1535
536,0.0,25.0,19.0,10.0,9.0,0.0,25.0,0.0,0.0,0.0,0.0,0.0,23.0,11.0,1536
537,0.0,11.0,0.0,0.0,14.0,0.0,0.0,26.0,29.0,19.0,19.0,21.0,0.0,0.0,1537
538,0.0,0.0,28.0,28.0,25.0,9.0,17.0,0.0,14.0,0.0,9.0,0.0,0.0,0.0,1538
539,7.0,22.0,0.0,0.0,19.0,7.0,0.0,0.0,0.0,0.0,22.0,0.0,14.0,26.0,1539
540,11.0,23.0,23.0,0.0,15.0,0.0,29.0,0.0,13.0,18.0,0.0,0.0,14.0,0.0,1540
541,0.0,0.0,0.0,13.0,0.0,0.0,0.0,25.0,22.0,5.0,0.0,0.0,12.0,0.0,1541
542,0.0,18.0,0.0,5.0,27.0,0.0,22.0,22.0,0.0,0.0,7.0,0.0,0.0,28.0,1542
543,0.0,17.0,0.0,11.0,0.0,12.0,0.0,15.0,0.0,9.0,27.0,15.0,0.0,11.0,1543
544,0.0,14.0,18.0,0.0,11.0,10.0,17.0,0.0,15.0,0.0,10.0,21.0,0.0,8.0,1544
545,0.0,17.0,0.0,25.0,14.0,24.0,15.0,0.0,17.0,0.0,14.0,25.0,0.0,0.0,1545
546,20.0,0.0,9.0,29.0,11.0,0.0,9.0,0.0,21.0,0.0,25.0,0.0,0.0,16.0,1546
547,22.0,26.0,0.0,9.0,0.0,0.0,0.0,0.0,24.0,0.0,0.0,0.0,0.0,0.0,1547
548,0.0,20.0,0.0,0.0,0.0,0.0,28.0,0.0,0.0,0.0,25.0,25.0,19.0,0.0,1548
549,0.0,0.0,0.0,14.0,0.0,0.0,0.0,27.0,0.0,0.0,0.0,11.0,22.0,0.0,1549
550,27.0,21.0,0.0,17.0,0.0,0.0,0.0,22.0,23.0,17.0,29.0,29.0,21.0,18.0,1550
551,0.0,17.0,0.0,0.0,0.0,19.0,22.0,0.0,0.0,0.0,0.0,24.0,9.0,21.0,1551
552,0.0,0.0,15.0,0.0,0.0,21.0,0.0,22.0,0.0,0.0,13.0,0.0,8.0,0.0,1552
553,17.0,20.0,0.0,0.0,9.0,0.0,7.0,19.0,19.0,10.0,25.0,0.0,15.0,0.0,1553
554,14.0,6.0,0.0,22.0,24.0,25.0,14.0,14.0,0.0,0.0,22.0,29.0,12.0,0.0,1554
555,0.0,0.0,0.0,25.0,16.0,0.0,0.0,0.0,25.0,0.0,5.0,28.0,0.0,19.0,1555
556,0.0,0.0,27.0,29.0,0.0,7.0,23.0,0.0,0.0,22.0,20.0,0.0,0.0,0.0,1556
557,0.0,0.0,29.0,27.0,0.0,0.0,0.0,6.0,27.0,0.0,0.0,0.0,0.0,0.0,1557
558,29.0,0.0,0.0,11.0,7.0,0.0,16.0,18.0,13.0,26.0,0.0,22.0,0.0,0.0,1558
559,0.0,0.0,13.0,11.0,0.0,0.0,0.0,0.0,25.0,19.0,0.0,0.0,15.0,6.0,1559
560,0.0,19.0,22.0,23.0,0.0,0.0,21.0,24.0,24.0,8.0,22.0,6.0,13.0,0.0,1560
561,7.0,18.0,0.0,17.0,13.0,26.0,0.0,9.0,0.0,0.0,26.0,0.0,12.0,10.0,1561
562,0.0,23.0,0.0,0.0,0.0,0.0,0.0,0.0,20.0,29.0,27.0,26.0,0.0,6.0,1562
563,16.0,19.0,0.0,0.0,19.0,0.0,22.0,0.0,0.0,0.0,9.0,24.0,0.0,0.0,1563
564,25.0,22.0,14.0,0.0,24.0,0.0,24.0,0.0,21.0,13.0,9.0,0.0,0.0,0.0,1564
565,14.0,7.0,20.0,28.0,10.0,29.0,25.0,19.0,0.0,5.0,0.0,16.0,0.0,23.0,1565
566,0.0,0.0,7.0,8.0,7.0,0.0,0.0,29.0,0.0,28.0,0.0,0.0,11.0,0.0,1566
567,20.0,5.0,18.0,0.0,27.0,9.0,25.0,20.0,22.0,0.0,0.0,0.0,29.0,13.0,1567
568,10.0,0.0,0.0,11.0,19.0,25.0,7.0,11.0,0.0,0.0,0.0,0.0,11.0,0.0,1568
569,10.0,0.0,0.0,0.0,0.0,0.0,21.0,10.0,23.0,23.0,0.0,0.0,0.0,0.0,1569
570,9.0,13.0,9.0,0.0,0.0,6.0,17.0,12.0,0.0,23.0,0.0,0.0,0.0,0.0,1570
571,0.0,12.0,0.0,0.0,0.0,24.0,29.0,0.0,0.0,0.0,0.0,24.0,0.0,13.0,1571
572,0.0,0.0,7.0,11.0,21.0,24.0,7.0,0.0,0.0,0.0,0.0,0.0,0.0,9.0,1572
573,0.0,0.0,8.0,0.0,20.0,5.0,5.0,0.0,7.0,0.0,0.0,19.0,0.0,27.0,1573
574,0.0,0.0,0.0,27.0,0.0,0.0,25.0,0.0,0.0,0.0,25.0,16.0,0.0,0.0,1574
575,0.0,24.0,0.0,0.0,0.0,10.0,0.0,0.0,24.0,20.0,0.0,28.0,22.0,0.0,1575
576,28.0,0.0,0.0,0.0,11.0,0.0,0.0,0.0,0.0,0.0,0.0,0.0,15.0,0.0,1576
577,0.0,0.0,26.0,0.0,29.0,17.0,0.0,0.0,8.0,19.0,14.0,22.0,0.0,0.0,1577
578,0.0,0.0,16.0,0.0,13.0,16.0,0.0,0.0,12.0,0.0,0.0,0.0,0.0,0.0,1578
579,18.0,0.0,0.0,0.0,0.0,26.0,25.0,27.0,26.0,0.0,0.0,25.0,22.0,27.0,1579
580,0.0,0.0,0.0,0.0,9.0,0.0,13.0,0.0,0.0,14.0,0.0,23.0,0.0,0.0,1580
581,0.0,0.0,10.0,0.0,0.0,0.0,0.0,8.0,0.0,0.0,0.0,0.0,27.0,0.0,1581
582,0.0,16.0,0.0,29.0,9.0,22.0,29.0,17.0,0.0,23.0,0.0,23.0,0.0,23.0,1582
583,25.0,5.0,0.0,21.0,16.0,0.0,0.0,10.0,10.0,28.0,8.0,0.0,0.0,0.0,1583
584,0.0,20.0,0.0,0.0,14.0,16.0,0.0,0.0,14.0,0.0,0.0,0.0,20.0,15.0,1584
585,0.0,19.0,16.0,6.0,27.0,0.0,0.0,0.0,10.0,0.0,17.0,17.0,18.0,0.0,1585
586,0.0,0.0,0.0,0.0,7.0,0.0,16.0,0.0,20.0,27.0,0.0,0.0,0.0,0.0,1586
587,21.0,17.0,14.0,11.0,0.0,0.0,0.0,0.0,13.0,6.0,0.0,17.0,26.0,0.0,1587
588,0.0,24.0,7.0,0.0,17.0,0.0,0.0,0.0,0.0,16.0,18.0,20.0,25.0,0.0,1588
589,0.0,0.0,8.0,18.0,22.0,21.0,0.0,0.0,0.0,0.0,0.0,19.0,5.0,9.0,1589
590,10.0,24.0,22.0,0.0,0.0,0.0,0.0,15.0,23.0,10.0,0.0,0.0,28.0,12.0,1590
591,0.0,0.0,0.0,0.0,0.0,0.0,0.0,0.0,0.0,0.0,0.0,21.0,22.0,20.0,1591
592,0.0,9.0,26.0,0.0,0.0,13.0,0.0,0.0,21.0,8.0,16.0,0.0,28.0,0.0,1592
593,21.0,9.0,17.0,12.0,0.0,0.0,0.0,0.0,0.0,0.0,10.0,28.0,0.0,0.0,1593
594,6.0,0.0,0.0,0.0,0.0,27.0,16.0,0.0,0.0,12.0,24.0,17.0,27.0,0.0,1594
595,23.0,0.0,0.0,5.0,0.0,20.0,13.0,10.0,0.0,20.0,0.0,13.0,0.0,0.0,1595
596,0.0,0.0,0.0,0.0,8.0,29.0,17.0,7.0,18.0,0.0,6.0,0.0,0.0,17.0,1596
597,14.0,0.0,19.0,26.0,9.0,19.0,0.0,11.0,0.0,0.0,23.0,0.0,20.0,0.0,1597
598,0.0,26.0,0.0,13.0,0.0,21.0,24.0,27.0,21.0,21.0,12.0,27.0,0.0,18.0,1598
599,19.0,0.0,0.0,0.0,0.0,0.0,0.0,5.0,11.0,0.0,28.0,29.0,11.0,0.0,1599
600,23.0,10.0,0.0,0.0,6.0,0.0,5.0,0.0,12.0,0.0,11.0,0.0,0.0,0.0,1600
601,0.0,16.0,0.0,16.0,13.0,27.0,22.0,15.0,6.0,14.0,29.0,28.0,14.0,0.0,1601
602,0.0,6.0,28.0,0.0,0.0,29.0,0.0,25.0,29.0,0.0,8.0,0.0,7.0,13.0,1602
603,12.0,22.0,0.0,8.0,12.0,9.0,7.0,0.0,16.0,25.0,29.0,15.0,0.0,0.0,1603
604,12.0,0.0,0.0,25.0,0.0,0.0,0.0,0.0,0.0,0.0,5.0,25.0,0.0,25.0,1604
605,5.0,11.0,0.0,16.0,28.0,0.0,0.0,0.0,10.0,0.0,0.0,7.0,0.0,18.0,1605
606,20.0,0.0,25.0,0.0,6.0,19.0,0.0,26.0,0.0,0.0,0.0,12.0,0.0,0.0,1606
607,19.0,25.0,25.0,0.0,22.0,0.0,0.0,0.0,0.0,6.0,11.0,0.0,6.0,0.0,1607
608,26.0,0.0,0.0,0.0,0.0,19.0,23.0,0.0,0.0,8.0,0.0,0.0,17.0,0.0,1608
609,0.0,27.0,0.0,0.0,7.0,19.0,0.0,22.0,0.0,7.0,11.0,16.0,15.0,0.0,1609
610,12.0,11.0,15.0,20.0,12.0,20.0,0.0,14.0,0.0,0.0,0.0,14.0,0.0,0.0,1610
611,18.0,0.0,0.0,23.0,0.0,0.0,29.0,10.0,0.0,0.0,27.0,14.0,21.0,0.0,1611
612,18.0,0.0,0.0,12.0,23.0,0.0,0.0,16.0,0.0,0.0,28.0,0.0,0.0,15.0,1612
613,0.0,0.0,0.0,27.0,23.0,0.0,0.0,6.0,28.0,29.0,0.0,0.0,29.0,0.0,1613
614,0.0,12.0,8.0,0.0,13.0,10.0,0.0,0.0,0.0,0.0,13.0,20.0,16.0,21.0,1614
615,9.0,10.0,0.0,0.0,0.0,9.0,24.0,0.0,0.0,0.0,0.0,23.0,0.0,10.0,1615
616,0.0,12.0,29.0,0.0,0.0,0.0,22.0,0.0,13.0,18.0,0.0,9.0,0.0,0.0,1616
617,29.0,0.0,0.0,15.0,16.0,0.0,0.0,0.0,10.0,0.0,0.0,11.0,29.0,0.0,1617
618,28.0,0.0,0.0,18.0,0.0,0.0,11.0,0.0,10.0,0.0,21.0,0.0,26.0,12.0,1618
619,27.0,12.0,7.0,0.0,5.0,26.0,0.0,12.0,0.0,27.0,29.0,24.0,21.0,0.0,1619
620,0.0,25.0,0.0,0.0,0.0,26.0,7.0,0.0,0.0,14.0,26.0,0.0,6.0,18.0,1620
621,7.0,0.0,22.0,18.0,0.0,0.0,0.0,21.0,7.0,0.0,17.0,0.0,0.0,0.0,1621
622,25.0,14.0,18.0,11.0,7.0,0.0,0.0,15.0,0.0,0.0,0.0,12.0,0.0,0.0,1622
623,0.0,0.0,26.0,28.0,8.0,27.0,0.0,0.0,0.0,0.0,0.0,15.0,0.0,0.0,1623
624,0.0,0.0,9.0,24.0,15.0,0.0,0.0,0.0,18.0,0.0,0.0,8.0,0.0,12.0,1624
625,0.0,17.0,21.0,13.0,12.0,11.0,6.0,0.0,17.0,8.0,0.0,18.0,0.0,0.0,1625
626,20.0,26.0,19.0,0.0,19.0,0.0,22.0,0.0,0.0,21.0,14.0,0.0,0.0,15.0,1626
627,18.0,7.0,6.0,0.0,21.0,8.0,9.0,0.0,0.0,0.0,11.0,0.0,0.0,0.0,1627
628,0.0,13.0,22.0,10.0,0.0,0.0,10.0,0.0,22.0,22.0,21.0,0.0,7.0,0.0,1628
629,0.0,0.0,0.0,24.0,0.0,7.0,0.0,17.0,0.0,19.0,21.0,0.0,5.0,17.0,1629
630,0.0,0.0,0.0,16.0,0.0,0.0,6.0,0.0,0.0,0.0,9.0,0.0,22.0,0.0,1630
631,0.0,0.0,0.0,0.0,0.0,0.0,0.0,6.0,15.0,28.0,10.0,10.0,18.0,15.0,1631
632,24.0,0.0,0.0,12.0,0.0,20.0,25.0,16.0,15.0,23.0,27.0,22.0,14.0,9.0,1632
633,0.0,9.0,0.0,0.0,15.0,20.0,6.0,0.0,8.0,0.0,8.0,17.0,0.0,5.0,1633
634,19.0,11.0,5.0,0.0,12.0,8.0,14.0,0.0,0.0,28.0,21.0,0.0,7.0,0.0,1634
635,0.0,0.0,29.0,10.0,0.0,0.0,0.0,10.0,12.0,22.0,0.0,0.0,10.0,0.0,1635
636,13.0,5.0,0.0,0.0,0.0,16.0,19.0,0.0,0.0,0.0,22.0,11.0,0.0,25.0,1636
637,6.0,0.0,0.0,20.0,12.0,0.0,0.0,10.0,0.0,0.0,0.0,0.0,18.0,10.0,1637
638,21.0,5.0,15.0,28.0,0.0,0.0,5.0,0.0,24.0,0.0,23.0,17.0,0.0,0.0,1638
639,0.0,0.0,0.0,25.0,9.0,14.0,7.0,0.0,20.0,27.0,0.0,0.0,0.0,0.0,1639
640,21.0,0.0,0.0,0.0,0.0,19.0,0.0,0.0,0.0,0.0,29.0,0.0,0.0,0.0,1640
641,0.0,7.0,0.0,10.0,0.0,0.0,21.0,0.0,29.0,20.0,9.0,0.0,13.0,0.0,1641
642,24.0,0.0,0.0,11.0,0.0,13.0,10.0,23.0,25.0,0.0,8.0,8.0,9.0,0.0,1642
643,0.0,0.0,25.0,0.0,7.0,26.0,11.0,0.0,0.0,6.0,0.0,6.0,28.0,0.0,1643
644,16.0,22.0,0.0,27.0,0.0,28.0,29.0,0.0,0.0,0.0,0.0,20.0,0.0,0.0,1644
645,0.0,0.0,0.0,19.0,0.0,0.0,0.0,0.0,0.0,9.0,9.0,0.0,0.0,0.0,1645
646,0.0,0.0,28.0,15.0,0.0,0.0,0.0,24.0,0.0,0.0,20.0,11.0,0.0,14.0,1646
647,0.0,26.0,8.0,11.0,23.0,20.0,28.0,22.0,18.0,0.0,0.0,8.0,8.0,0.0,1647
648,17.0,0.0,18.0,23.0,21.0,21.0,12.0,14.0,26.0,18.0,5.0,0.0,0.0,0.0,1648
649,0.0,10.0,0.0,0.0,19.0,26.0,0.0,13.0,10.0,23.0,0.0,0.0,0.0,8.0,1649
650,0.0,0.0,5.0,28.0,0.0,0.0,13.0,0.0,27.0,0.0,17.0,18.0,23.0,0.0,1650
651,11.0,0.0,0.0,8.0,0.0,0.0,0.0,0.0,20.0,0.0,13.0,15.0,9.0,0.0,1651
652,17.0,22.0,0.0,0.0,0.0,29.0,0.0,0.0,8.0,0.0,12.0,5.0,11.0,0.0,1652
653,23.0,21.0,9.0,0.0,17.0,9.0,27.0,15.0,19.0,0.0,17.0,0.0,0.0,0.0,1653
654,0.0,0.0,25.0,24.0,23.0,0.0,22.0,7.0,18.0,23.0,7.0,17.0,0.0,0.0,1654
655,15.0,0.0,23.0,0.0,16.0,7.0,0.0,29.0,0.0,28.0,0.0,0.0,27.0,0.0,1655
656,0.0,13.0,0.0,23.0,0.0,10.0,0.0,0.0,10.0,0.0,0.0,0.0,0.0,12.0,1656
657,28.0,27.0,0.0,0.0,0.0,0.0,24.0,6.0,0.0,8.0,0.0,7.0,10.0,19.0,1657
658,0.0,0.0,8.0,9.0,9.0,0.0,0.0,0.0,0.0,0.0,23.0,0.0,0.0,0.0,1658
659,0.0,0.0,8.0,0.0,0.0,0.0,23.0,0.0,13.0,15.0,0.0,9.0,29.0,0.0,1659
660,0.0,25.0,0.0,26.0,0.0,0.0,0.0,24.0,26.0,0.0,9.0,16.0,17.0,0.0,1660
661,23.0,0.0,0.0,0.0,20.0,13.0,6.0,26.0,28.0,0.0,16.0,0.0,0.0,0.0,1661
662,0.0,0.0,27.0,29.0,8.0,13.0,19.0,0.0,7.0,19.0,0.0,0.0,14.0,0.0,1662
663,0.0,0.0,8.0,7.0,25.0,0.0,18.0,8.0,10.0,0.0,0.0,20.0,0.0,0.0,1663
664,0.0,17.0,19.0,0.0,8.0,5.0,0.0,0.0,0.0,0.0,16.0,6.0,0.0,0.0,1664
665,17.0,27.0,8.0,0.0,17.0,0.0,0.0,0.0,0.0,12.0,0.0,28.0,27.0,0.0,1665
666,6.0,9.0,0.0,19.0,21.0,16.0,19.0,25.0,24.0,0.0,0.0,0.0,17.0,0.0,1666
667,0.0,0.0,0.0,0.0,14.0,0.0,19.0,0.0,14.0,0.0,0.0,0.0,28.0,9.0,1667
668,13.0,26.0,21.0,10.0,18.0,0.0,6.0,0.0,0.0,0.0,14.0,15.0,0.0,20.0,1668
669,0.0,8.0,0.0,0.0,11.0,15.0,16.0,0.0,28.0,26.0,23.0,16.0,9.0,26.0,1669
670,0.0,19.0,17.0,14.0,0.0,0.0,12.0,6.0,0.0,0.0,0.0,8.0,10.0,12.0,1670
671,18.0,19.0,19.0,0.0,0.0,0.0,23.0,24.0,8.0,14.0,0.0,18.0,0.0,0.0,1671
672,12.0,26.0,0.0,23.0,0.0,0.0,11.0,0.0,9.0,0.0,0.0,0.0,21.0,6.0,1672
673,0.0,29.0,0.0,0.0,0.0,6.0,23.0,11.0,28.0,0.0,8.0,16.0,10.0,19.0,1673
674,0.0,18.0,19.0,0.0,0.0,5.0,13.0,6.0,0.0,9.0,0.0,17.0,0.0,0.0,1674
675,27.0,0.0,0.0,9.0,21.0,0.0,20.0,24.0,0.0,0.0,0.0,0.0,10.0,0.0,1675
676,9.0,24.0,8.0,0.0,0.0,0.0,19.0,17.0,16.0,0.0,19.0,12.0,0.0,12.0,1676
677,0.0,6.0,16.0,15.0,17.0,6.0,0.0,11.0,0.0,0.0,0.0,0.0,15.0,0.0,1677
678,21.0,0.0,12.0,0.0,9.0,13.0,0.0,29.0,12.0,0.0,0.0,29.0,0.0,25.0,1678
679,0.0,11.0,0.0,0.0,0.0,0.0,0.0,6.0,27.0,0.0,0.0,0.0,0.0,0.0,1679
680,19.0,0.0,28.0,0.0,0.0,13.0,5.0,26.0,26.0,12.0,22.0,0.0,22.0,0.0,1680
681,0.0,8.0,25.0,0.0,23.0,0.0,5.0,0.0,21.0,0.0,22.0,0.0,0.0,20.0,1681
682,13.0,0.0,0.0,0.0,0.0,0.0,29.0,19.0,8.0,0.0,16.0,0.0,17.0,18.0,1682
683,0.0,0.0,12.0,0.0,0.0,0.0,0.0,0.0,21.0,0.0,0.0,17.0,0.0,19.0,1683
684,7.0,11.0,12.0,0.0,0.0,21.0,0.0,9.0,0.0,0.0,0.0,18.0,13.0,29.0,1684
685,0.0,12.0,12.0,0.0,0.0,0.0,28.0,29.0,0.0,0.0,7.0,0.0,15.0,10.0,1685
686,0.0,12.0,26.0,15.0,0.0,0.0,18.0,5.0,0.0,0.0,0.0,0.0,0.0,17.0,1686
687,17.0,16.0,5.0,0.0,0.0,6.0,25.0,0.0,0.0,0.0,7.0,10.0,0.0,13.0,1687
688,21.0,0.0,0.0,0.0,15.0,0.0,19.0,0.0,28.0,0.0,7.0,0.0,12.0,0.0,1688
689,24.0,0.0,0.0,16.0,0.0,10.0,8.0,27.0,6.0,0.0,0.0,9.0,24.0,0.0,1689
690,0.0,0.0,14.0,10.0,0.0,0.0,0.0,22.0,26.0,17.0,0.0,18.0,0.0,23.0,1690
691,6.0,0.0,0.0,0.0,17.0,0.0,14.0,7.0,0.0,0.0,0.0,0.0,0.0,0.0,1691
692,0.0,0.0,21.0,8.0,8.0,24.0,0.0,0.0,11.0,0.0,0.0,11.0,0.0,0.0,1692
693,7.0,0.0,19.0,19.0,0.0,24.0,0.0,0.0,0.0,0.0,9.0,24.0,22.0,0.0,1693
694,0.0,14.0,0.0,0.0,27.0,0.0,27.0,26.0,0.0,7.0,0.0,0.0,28.0,5.0,1694
695,21.0,29.0,0.0,12.0,6.0,0.0,0.0,0.0,0.0,20.0,18.0,27.0,0.0,0.0,1695
696,0.0,9.0,20.0,15.0,24.0,0.0,28.0,16.0,9.0,29.0,0.0,6.0,0.0,0.0,1696
697,26.0,0.0,0.0,0.0,23.0,19.0,18.0,0.0,0.0,21.0,5.0,0.0,27.0,14.0,1697
698,0.0,0.0,0.0,12.0,11.0,0.0,11.0,0.0,27.0,5.0,0.0,0.0,0.0,22.0,1698
699,0.0,13.0,0.0,0.0,0.0,11.0,0.0,0.0,0.0,0.0,19.0,0.0,24.0,24.0,1699
700,13.0,18.0,24.0,0.0,16.0,0.0,0.0,8.0,0.0,0.0,26.0,0.0,7.0,7.0,1700
701,0.0,0.0,0.0,7.0,0.0,0.0,0.0,26.0,0.0,22.0,14.0,0.0,0.0,16.0,1701
702,20.0,6.0,0.0,0.0,18.0,10.0,12.0,0.0,10.0,0.0,17.0,0.0,0.0,10.0,1702
703,0.0,0.0,7.0,0.0,7.0,16.0,14.0,28.0,0.0,12.0,19.0,14.0,23.0,22.0,1703
704,0.0,11.0,18.0,9.0,0.0,13.0,13.0,0.0,17.0,18.0,5.0,21.0,0.0,21.0,1704
705,0.0,0.0,7.0,0.0,0.0,14.0,27.0,0.0,0.0,0.0,0.0,0.0,19.0,9.0,1705
706,0.0,0.0,0.0,12.0,0.0,14.0,0.0,0.0,0.0,0.0,0.0,0.0,20.0,0.0,1706
707,0.0,8.0,29.0,7.0,24.0,23.0,12.0,29.0,0.0,0.0,9.0,24.0,0.0,0.0,1707
708,0.0,0.0,20.0,26.0,25.0,0.0,0.0,17.0,22.0,13.0,27.0,22.0,9.0,27.0,1708
709,8.0,27.0,20.0,13.0,0.0,0.0,14.0,0.0,0.0,0.0,0.0,0.0,16.0,11.0,1709
710,0.0,0.0,0.0,0.0,0.0,19.0,0.0,7.0,29.0,0.0,29.0,29.0,16.0,0.0,1710
711,0.0,0.0,0.0,10.0,0.0,0.0,0.0,0.0,9.0,0.0,0.0,0.0,12.0,29.0,1711
712,18.0,22.0,5.0,7.0,10.0,15.0,0.0,10.0,23.0,15.0,0.0,14.0,22.0,0.0,1712
713,0.0,0.0,13.0,7.0,26.0,16.0,15.0,0.0,18.0,27.0,9.0,26.0,0.0,24.0,1713
714,23.0,0.0,0.0,0.0,0.0,0.0,0.0,8.0,0.0,0.0,8.0,18.0,0.0,0.0,1714
715,0.0,27.0,0.0,0.0,12.0,19.0,0.0,0.0,0.0,6.0,0.0,0.0,17.0,0.0,1715
716,17.0,20.0,0.0,5.0,0.0,0.0,18.0,0.0,5.0,0.0,12.0,0.0,0.0,0.0,1716
717,26.0,0.0,0.0,0.0,0.0,29.0,27.0,29.0,9.0,15.0,10.0,0.0,9.0,0.0,1717
718,10.0,23.0,0.0,12.0,14.0,0.0,0.0,0.0,0.0,5.0,6.0,7.0,15.0,26.0,1718
719,0.0,11.0,0.0,0.0,26.0,23.0,0.0,0.0,0.0,0.0,0.0,26.0,10.0,7.0,1719
720,0.0,14.0,16.0,0.0,0.0,0.0,7.0,0.0,25.0,0.0,14.0,21.0,22.0,11.0,1720
721,0.0,21.0,0.0,14.0,0.0,0.0,0.0,10.0,25.0,0.0,0.0,0.0,0.0,0.0,1721
722,0.0,0.0,9.0,0.0,0.0,18.0,6.0,0.0,0.0,0.0,19.0,25.0,24.0,29.0,1722
723,16.0,6.0,10.0,21.0,23.0,8.0,5.0,0.0,8.0,0.0,0.0,28.0,22.0,0.0,1723
724,0.0,0.0,0.0,0.0,18.0,9.0,0.0,18.0,0.0,28.0,0.0,23.0,0.0,13.0,1724
725,26.0,0.0,17.0,29.0,28.0,0.0,0.0,27.0,0.0,24.0,13.0,11.0,0.0,28.0,1725
726,0.0,0.0,0.0,0.0,0.0,0.0,14.0,0.0,0.0,9.0,18.0,0.0,13.0,0.0,1726
727,0.0,17.0,28.0,17.0,8.0,26.0,15.0,0.0,0.0,13.0,22.0,0.0,26.0,17.0,1727
728,0.0,11.0,13.0,0.0,0.0,17.0,19.0,0.0,0.0,24.0,21.0,24.0,12.0,0.0,1728
729,0.0,0.0,9.0,0.0,15.0,20.0,8.0,28.0,6.0,29.0,0.0,0.0,12.0,0.0,1729
730,0.0,24.0,0.0,9.0,29.0,0.0,7.0,18.0,15.0,0.0,0.0,0.0,17.0,0.0,1730
731,0.0,0.0,0.0,0.0,0.0,0.0,0.0,0.0,22.0,22.0,0.0,0.0,6.0,0.0,1731
732,28.0,28.0,5.0,14.0,0.0,23.0,24.0,27.0,27.0,0.0,0.0,18.0,17.0,6.0,1732
733,0.0,14.0,0.0,0.0,15.0,21.0,0.0,0.0,25.0,0.0,15.0,17.0,0.0,0.0,1733
734,0.0,0.0,21.0,11.0,13.0,0.0,11.0,29.0,19.0,0.0,6.0,0.0,28.0,5.0,1734
735,26.0,0.0,0.0,0.0,0.0,27.0,0.0,0.0,0.0,19.0,9.0,0.0,16.0,0.0,1735
736,16.0,11.0,0.0,0.0,16.0,0.0,0.0,0.0,22.0,0.0,16.0,0.0,6.0,6.0,1736
737,15.0,0.0,16.0,0.0,0.0,0.0,0.0,0.0,0.0,0.0,20.0,0.0,27.0,25.0,1737
738,22.0,0.0,0.0,6.0,0.0,9.0,0.0,0.0,0.0,0.0,12.0,0.0,0.0,0.0,1738
739,17.0,27.0,15.0,0.0,16.0,14.0,23.0,0.0,0.0,0.0,5.0,9.0,7.0,0.0,1739
740,0.0,0.0,0.0,27.0,25.0,0.0,27.0,0.0,11.0,0.0,23.0,20.0,6.0,0.0,1740
741,0.0,28.0,9.0,0.0,18.0,21.0,0.0,0.0,20.0,14.0,8.0,0.0,20.0,7.0,1741
742,20.0,26.0,10.0,0.0,0.0,21.0,16.0,17.0,14.0,0.0,10.0,16.0,5.0,22.0,1742
743,0.0,0.0,0.0,16.0,6.0,13.0,0.0,0.0,27.0,0.0,0.0,0.0,12.0,16.0,1743
744,15.0,0.0,0.0,0.0,12.0,0.0,22.0,0.0,10.0,0.0,18.0,9.0,18.0,0.0,1744
745,9.0,0.0,0.0,0.0,0.0,0.0,0.0,23.0,29.0,0.0,0.0,0.0,0.0,9.0,1745
746,0.0,10.0,0.0,0.0,12.0,0.0,15.0,0.0,0.0,0.0,0.0,0.0,23.0,0.0,1746
747,10.0,0.0,23.0,0.0,6.0,12.0,28.0,13.0,0.0,28.0,0.0,26.0,0.0,6.0,1747
748,11.0,0.0,0.0,29.0,0.0,0.0,23.0,9.0,0.0,26.0,0.0,0.0,0.0,24.0,1748
749,0.0,15.0,0.0,0.0,15.0,0.0,0.0,18.0,28.0,0.0,18.0,12.0,29.0,0.0,1749
750,0.0,9.0,22.0,0.0,28.0,6.0,19.0,0.0,0.0,0.0,15.0,5.0,0.0,7.0,1750
751,27.0,11.0,10.0,29.0,15.0,20.0,18.0,24.0,0.0,0.0,21.0,0.0,0.0,15.0,1751
752,23.0,0.0,0.0,25.0,0.0,23.0,0.0,0.0,11.0,27.0,7.0,0.0,18.0,0.0,1752
753,13.0,0.0,0.0,22.0,17.0,9.0,0.0,0.0,0.0,27.0,0.0,0.0,25.0,16.0,1753
754,23.0,0.0,7.0,16.0,0.0,14.0,11.0,22.0,0.0,0.0,9.0,0.0,0.0,0.0,1754
755,10.0,0.0,11.0,9.0,0.0,21.0,0.0,7.0,16.0,0.0,0.0,0.0,0.0,0.0,1755
756,0.0,0.0,0.0,29.0,0.0,22.0,0.0,0.0,29.0,22.0,9.0,0.0,29.0,19.0,1756
757,0.0,5.0,0.0,0.0,15.0,25.0,0.0,5.0,18.0,25.0,0.0,0.0,21.0,0.0,1757
758,24.0,29.0,19.0,0.0,21.0,20.0,0.0,23.0,10.0,0.0,26.0,0.0,0.0,0.0,1758
759,18.0,0.0,0.0,0.0,7.0,9.0,13.0,17.0,0.0,12.0,0.0,0.0,13.0,0.0,1759
760,0.0,25.0,0.0,24.0,0.0,12.0,29.0,29.0,13.0,11.0,0.0,19.0,0.0,0.0,1760
761,0.0,0.0,7.0,0.0,8.0,0.0,16.0,11.0,0.0,0.0,0.0,19.0,0.0,27.0,1761
762,0.0,5.0,9.0,7.0,0.0,9.0,0.0,15.0,0.0,23.0,0.0,16.0,0.0,23.0,1762
763,23.0,21.0,8.0,0.0,0.0,21.0,0.0,12.0,16.0,0.0,0.0,0.0,26.0,0.0,1763
764,0.0,0.0,11.0,0.0,0.0,12.0,0.0,20.0,0.0,16.0,0.0,0.0,23.0,0.0,1764
765,12.0,0.0,0.0,0.0,21.0,0.0,0.0,26.0,0.0,10.0,13.0,10.0,0.0,16.0,1765
766,0.0,16.0,0.0,0.0,13.0,22.0,0.0,18.0,0.0,10.0,0.0,7.0,0.0,12.0,1766
767,5.0,16.0,0.0,0.0,0.0,0.0,5.0,25.0,11.0,0.0,0.0,23.0,28.0,0.0,1767
768,0.0,0.0,0.0,0.0,0.0,0.0,0.0,0.0,7.0,6.0,0.0,10.0,7.0,22.0,1768
769,0.0,11.0,12.0,26.0,6.0,0.0,0.0,0.0,0.0,0.0,0.0,7.0,28.0,0.0,1769
770,5.0,0.0,0.0,0.0,0.0,17.0,19.0,0.0,18.0,27.0,0.0,23.0,0.0,23.0,1770
771,29.0,14.0,0.0,0.0,0.0,8.0,0.0,16.0,0.0,0.0,5.0,14.0,0.0,9.0,1771
772,20.0,0.0,0.0,8.0,14.0,0.0,0.0,0.0,0.0,7.0,15.0,6.0,6.0,25.0,1772
773,0.0,0.0,0.0,11.0,18.0,6.0,0.0,0.0,0.0,0.0,8.0,20.0,0.0,0.0,1773
774,18.0,19.0,0.0,12.0,0.0,0.0,0.0,0.0,14.0,0.0,29.0,0.0,29.0,19.0,1774
775,0.0,0.0,17.0,22.0,18.0,13.0,21.0,0.0,0.0,25.0,0.0,0.0,12.0,12.0,1775
776,0.0,6.0,5.0,0.0,29.0,0.0,0.0,0.0,25.0,0.0,0.0,0.0,17.0,21.0,1776
777,0.0,0.0,11.0,23.0,0.0,0.0,0.0,23.0,0.0,22.0,19.0,15.0,0.0,16.0,1777
778,0.0,0.0,0.0,0.0,0.0,8.0,11.0,16.0,0.0,15.0,21.0,0.0,0.0,26.0,1778
779,0.0,0.0,12.0,0.0,8.0,12.0,0.0,0.0,0.0,0.0,0.0,0.0,27.0,0.0,1779
780,0.0,0.0,16.0,0.0,23.0,0.0,0.0,0.0,0.0,0.0,0.0,22.0,9.0,0.0,1780
781,0.0,0.0,6.0,24.0,0.0,0.0,0.0,0.0,0.0,0.0,0.0,20.0,9.0,16.0,1781
782,0.0,22.0,0.0,0.0,27.0,0.0,20.0,13.0,15.0,9.0,26.0,0.0,0.0,0.0,1782
783,5.0,0.0,5.0,29.0,0.0,0.0,23.0,9.0,10.0,10.0,23.0,0.0,5.0,16.0,1783
784,21.0,0.0,28.0,0.0,0.0,0.0,9.0,0.0,0.0,0.0,27.0,0.0,0.0,17.0,1784
785,24.0,0.0,0.0,23.0,11.0,11.0,0.0,16.0,16.0,0.0,19.0,15.0,0.0,13.0,1785
786,0.0,0.0,0.0,5.0,10.0,0.0,0.0,13.0,17.0,26.0,23.0,22.0,0.0,0.0,1786
787,0.0,28.0,10.0,7.0,5.0,0.0,0.0,16.0,0.0,0.0,0.0,0.0,28.0,24.0,1787
788,14.0,0.0,0.0,0.0,0.0,0.0,0.0,21.0,0.0,0.0,0.0,28.0,0.0,0.0,1788
789,22.0,15.0,0.0,0.0,0.0,0.0,0.0,0.0,0.0,22.0,23.0,0.0,0.0,13.0,1789
790,8.0,20.0,10.0,14.0,0.0,0.0,29.0,7.0,0.0,0.0,0.0,8.0,18.0,27.0,1790
791,0.0,24.0,12.0,0.0,27.0,25.0,6.0,0.0,16.0,12.0,0.0,12.0,0.0,0.0,1791
792,0.0,0.0,22.0,0.0,8.0,0.0,0.0,0.0,0.0,17.0,0.0,0.0,14.0,0.0,1792
793,0.0,0.0,0.0,16.0,10.0,22.0,16.0,15.0,0.0,0.0,0.0,26.0,0.0,11.0,1793
794,8.0,5.0,0.0,9.0,23.0,0.0,0.0,25.0,0.0,0.0,0.0,0.0,0.0,7.0,1794
795,0.0,9.0,0.0,6.0,0.0,0.0,11.0,0.0,5.0,27.0,0.0,0.0,0.0,9.0,1795
796,0.0,0.0,0.0,0.0,5.0,5.0,24.0,14.0,10.0,0.0,5.0,9.0,8.0,0.0,1796
797,0.0,0.0,0.0,14.0,0.0,9.0,0.0,10.0,0.0,0.0,0.0,0.0,20.0,0.0,1797
798,16.0,13.0,6.0,23.0,15.0,0.0,0.0,0.0,0.0,10.0,0.0,26.0,28.0,0.0,1798
799,26.0,0.0,16.0,0.0,19.0,0.0,0.0,15.0,0.0,20.0,23.0,0.0,0.0,19.0,1799
800,0.0,0.0,8.0,13.0,0.0,14.0,29.0,0.0,11.0,7.0,0.0,9.0,0.0,0.0,1800
801,0.0,0.0,0.0,18.0,12.0,20.0,0.0,0.0,15.0,0.0,0.0,19.0,26.0,23.0,1801
802,25.0,5.0,7.0,9.0,13.0,26.0,11.0,0.0,8.0,28.0,0.0,26.0,0.0,6.0,1802
803,11.0,9.0,29.0,19.0,0.0,29.0,0.0,20.0,0.0,0.0,28.0,0.0,16.0,0.0,1803
804,0.0,13.0,13.0,0.0,7.0,0.0,0.0,0.0,22.0,0.0,0.0,0.0,0.0,27.0,1804
805,6.0,0.0,0.0,0.0,0.0,0.0,0.0,16.0,28.0,0.0,16.0,23.0,13.0,0.0,1805
806,0.0,23.0,8.0,0.0,10.0,6.0,20.0,25.0,0.0,25.0,7.0,19.0,0.0,0.0,1806
807,29.0,0.0,0.0,28.0,5.0,0.0,21.0,26.0,0.0,17.0,0.0,21.0,0.0,15.0,1807
808,0.0,0.0,0.0,11.0,16.0,11.0,0.0,0.0,18.0,27.0,0.0,26.0,7.0,14.0,1808
809,11.0,24.0,21.0,0.0,0.0,0.0,5.0,0.0,0.0,10.0,0.0,14.0,14.0,0.0,1809
810,19.0,0.0,5.0,24.0,0.0,0.0,10.0,7.0,5.0,0.0,20.0,0.0,0.0,26.0,1810
811,0.0,0.0,0.0,5.0,0.0,0.0,0.0,14.0,18.0,9.0,12.0,0.0,6.0,0.0,1811
812,17.0,18.0,21.0,14.0,0.0,6.0,0.0,0.0,17.0,16.0,22.0,17.0,18.0,8.0,1812
813,0.0,0.0,12.0,0.0,6.0,11.0,0.0,21.0,8.0,0.0,0.0,11.0,0.0,0.0,1813
814,0.0,14.0,0.0,13.0,22.0,25.0,0.0,0.0,0.0,0.0,14.0,11.0,0.0,10.0,1814
815,0.0,0.0,0.0,8.0,0.0,7.0,0.0,14.0,25.0,25.0,5.0,6.0,14.0,0.0,1815
816,0.0,0.0,5.0,5.0,0.0,13.0,0.0,5.0,8.0,0.0,25.0,0.0,0.0,28.0,1816
817,0.0,7.0,0.0,6.0,0.0,0.0,18.0,0.0,11.0,0.0,14.0,12.0,0.0,13.0,1817
818,0.0,0.0,0.0,0.0,12.0,0.0,0.0,0.0,27.0,16.0,29.0,13.0,0.0,8.0,1818
819,0.0,14.0,0.0,7.0,0.0,13.0,0.0,0.0,0.0,6.0,6.0,0.0,0.0,0.0,1819
820,23.0,0.0,0.0,0.0,0.0,21.0,0.0,23.0,0.0,0.0,14.0,0.0,13.0,26.0,1820
821,0.0,0.0,0.0,0.0,0.0,23.0,0.0,0.0,7.0,19.0,0.0,0.0,24.0,14.0,1821
822,11.0,0.0,9.0,18.0,0.0,0.0,0.0,0.0,9.0,0.0,27.0,0.0,14.0,22.0,1822
823,11.0,0.0,14.0,16.0,16.0,0.0,17.0,12.0,15.0,0.0,0.0,17.0,0.0,0.0,1823
824,0.0,0.0,0.0,13.0,0.0,0.0,12.0,0.0,17.0,0.0,0.0,0.0,0.0,16.0,1824
825,0.0,24.0,0.0,18.0,0.0,0.0,25.0,25.0,11.0,25.0,8.0,0.0,20.0,0.0,1825
826,0.0,27.0,0.0,0.0,0.0,0.0,22.0,0.0,23.0,0.0,0.0,0.0,20.0,0.0,1826
827,0.0,12.0,19.0,17.0,16.0,0.0,0.0,0.0,6.0,10.0,0.0,0.0,0.0,24.0,1827
828,0.0,0.0,18.0,25.0,20.0,0.0,0.0,13.0,0.0,6.0,22.0,0.0,0.0,15.0,1828
829,5.0,19.0,27.0,0.0,0.0,0.0,0.0,16.0,27.0,10.0,14.0,25.0,14.0,29.0,1829
830,0.0,0.0,12.0,18.0,21.0,0.0,6.0,0.0,0.0,0.0,21.0,12.0,24.0,0.0,1830
831,0.0,0.0,0.0,0.0,24.0,17.0,0.0,0.0,0.0,22.0,0.0,0.0,0.0,0.0,1831
832,23.0,5.0,0.0,0.0,13.0,6.0,23.0,0.0,16.0,14.0,0.0,0.0,0.0,15.0,1832
833,19.0,11.0,0.0,14.0,0.0,0.0,0.0,0.0,17.0,11.0,7.0,8.0,0.0,14.0,1833
834,19.0,0.0,9.0,27.0,5.0,0.0,20.0,0.0,26.0,12.0,0.0,5.0,28.0,0.0,1834
835,20.0,10.0,0.0,29.0,23.0,8.0,13.0,0.0,0.0,7.0,5.0,24.0,25.0,29.0,1835
836,0.0,0.0,0.0,7.0,26.0,0.0,0.0,11.0,11.0,7.0,0.0,15.0,0.0,0.0,1836
837,9.0,6.0,16.0,7.0,0.0,0.0,0.0,26.0,7.0,0.0,27.0,0.0,0.0,15.0,1837
838,0.0,27.0,0.0,17.0,12.0,0.0,0.0,25.0,26.0,18.0,22.0,12.0,0.0,0.0,1838
839,0.0,0.0,0.0,11.0,8.0,16.0,0.0,0.0,16.0,12.0,0.0,11.0,24.0,29.0,1839
840,0.0,12.0,20.0,24.0,21.0,6.0,0.0,0.0,0.0,0.0,15.0,18.0,0.0,7.0,1840
841,12.0,25.0,0.0,0.0,13.0,0.0,6.0,0.0,16.0,27.0,19.0,0.0,0.0,0.0,1841
842,16.0,29.0,25.0,26.0,11.0,21.0,0.0,29.0,7.0,0.0,10.0,0.0,11.0,16.0,1842
843,0.0,13.0,9.0,6.0,0.0,0.0,0.0,11.0,0.0,0.0,0.0,0.0,0.0,13.0,1843
844,13.0,0.0,6.0,12.0,0.0,28.0,0.0,0.0,7.0,0.0,7.0,10.0,0.0,29.0,1844
845,23.0,19.0,0.0,20.0,22.0,0.0,0.0,10.0,23.0,0.0,0.0,8.0,0.0,16.0,1845
846,0.0,25.0,9.0,13.0,0.0,0.0,0.0,19.0,12.0,20.0,0.0,27.0,0.0,11.0,1846
847,27.0,23.0,29.0,0.0,0.0,11.0,0.0,14.0,0.0,18.0,8.0,15.0,0.0,18.0,1847
848,0.0,0.0,0.0,0.0,9.0,11.0,24.0,11.0,7.0,0.0,29.0,0.0,0.0,18.0,1848
849,0.0,0.0,0.0,12.0,16.0,22.0,0.0,0.0,27.0,17.0,0.0,0.0,6.0,16.0,1849
850,18.0,0.0,0.0,28.0,0.0,10.0,28.0,0.0,0.0,0.0,0.0,0.0,18.0,0.0,1850
851,0.0,12.0,7.0,0.0,29.0,17.0,10.0,29.0,0.0,27.0,5.0,0.0,15.0,7.0,1851
852,18.0,26.0,8.0,14.0,0.0,15.0,14.0,0.0,0.0,7.0,11.0,18.0,11.0,21.0,1852
853,26.0,16.0,0.0,0.0,0.0,0.0,19.0,5.0,0.0,11.0,0.0,0.0,0.0,0.0,1853
854,0.0,22.0,0.0,0.0,22.0,0.0,0.0,0.0,0.0,0.0,0.0,16.0,0.0,22.0,1854
855,28.0,0.0,25.0,16.0,0.0,19.0,28.0,11.0,20.0,0.0,19.0,0.0,21.0,23.0,1855
856,0.0,17.0,26.0,0.0,0.0,0.0,14.0,0.0,0.0,28.0,15.0,0.0,20.0,0.0,1856
857,8.0,0.0,14.0,9.0,0.0,15.0,18.0,0.0,17.0,26.0,0.0,0.0,0.0,0.0,1857
858,18.0,0.0,0.0,0.0,18.0,8.0,9.0,22.0,0.0,0.0,0.0,0.0,0.0,0.0,1858
859,26.0,13.0,27.0,0.0,20.0,19.0,0.0,8.0,8.0,0.0,26.0,6.0,0.0,0.0,1859
860,0.0,18.0,0.0,11.0,0.0,0.0,14.0,0.0,26.0,15.0,0.0,14.0,27.0,0.0,1860
861,29.0,0.0,0.0,6.0,0.0,13.0,25.0,0.0,14.0,25.0,0.0,0.0,0.0,21.0,1861
862,16.0,20.0,0.0,12.0,20.0,6.0,0.0,27.0,0.0,0.0,26.0,0.0,27.0,8.0,1862
863,0.0,27.0,0.0,7.0,0.0,0.0,0.0,0.0,28.0,0.0,5.0,0.0,9.0,19.0,1863
864,10.0,8.0,0.0,12.0,0.0,21.0,16.0,0.0,28.0,0.0,0.0,0.0,0.0,18.0,1864
865,22.0,6.0,14.0,22.0,17.0,0.0,0.0,20.0,18.0,13.0,17.0,0.0,0.0,0.0,1865
866,0.0,0.0,0.0,24.0,9.0,16.0,7.0,0.0,23.0,6.0,0.0,14.0,9.0,0.0,1866
867,0.0,29.0,24.0,0.0,0.0,0.0,0.0,0.0,7.0,22.0,0.0,0.0,6.0,12.0,1867
868,27.0,6.0,5.0,0.0,0.0,16.0,0.0,0.0,0.0,12.0,18.0,11.0,0.0,23.0,1868
869,27.0,14.0,8.0,9.0,9.0,0.0,0.0,25.0,0.0,7.0,5.0,0.0,17.0,18.0,1869
870,0.0,0.0,0.0,13.0,0.0,5.0,28.0,9.0,8.0,17.0,26.0,0.0,0.0,0.0,1870
871,20.0,0.0,0.0,0.0,0.0,28.0,22.0,0.0,16.0,21.0,0.0,0.0,11.0,24.0,1871
872,19.0,0.0,0.0,0.0,24.0,18.0,0.0,0.0,0.0,0.0,9.0,24.0,29.0,14.0,1872
873,0.0,0.0,6.0,26.0,0.0,0.0,24.0,23.0,15.0,24.0,0.0,6.0,0.0,17.0,1873
874,7.0,0.0,28.0,0.0,21.0,6.0,18.0,6.0,22.0,12.0,0.0,0.0,0.0,0.0,1874
875,20.0,17.0,18.0,0.0,0.0,0.0,13.0,28.0,7.0,0.0,0.0,16.0,7.0,22.0,1875
876,0.0,0.0,24.0,0.0,0.0,24.0,5.0,28.0,0.0,5.0,0.0,0.0,0.0,9.0,1876
877,28.0,23.0,7.0,26.0,0.0,0.0,0.0,26.0,8.0,0.0,9.0,0.0,0.0,0.0,1877
878,11.0,0.0,15.0,0.0,8.0,0.0,0.0,0.0,25.0,14.0,0.0,6.0,18.0,27.0,1878
879,8.0,0.0,10.0,0.0,12.0,11.0,29.0,18.0,5.0,19.0,0.0,0.0,27.0,0.0,1879
880,22.0,16.0,0.0,0.0,0.0,0.0,0.0,0.0,0.0,6.0,24.0,8.0,0.0,0.0,1880
881,12.0,0.0,0.0,0.0,29.0,0.0,22.0,0.0,24.0,0.0,0.0,12.0,10.0,10.0,1881
882,9.0,23.0,0.0,24.0,18.0,10.0,0.0,11.0,19.0,25.0,0.0,8.0,8.0,29.0,1882
883,0.0,0.0,0.0,0.0,11.0,23.0,0.0,0.0,25.0,9.0,0.0,0.0,0.0,0.0,1883
884,26.0,23.0,17.0,0.0,26.0,0.0,0.0,0.0,0.0,14.0,25.0,17.0,24.0,0.0,1884
885,5.0,0.0,0.0,12.0,9.0,27.0,19.0,28.0,0.0,0.0,11.0,15.0,29.0,20.0,1885
886,14.0,0.0,23.0,0.0,5.0,0.0,14.0,28.0,25.0,19.0,0.0,27.0,12.0,0.0,1886
887,0.0,10.0,28.0,9.0,0.0,10.0,28.0,17.0,0.0,0.0,20.0,28.0,25.0,10.0,1887
888,0.0,6.0,18.0,0.0,0.0,7.0,21.0,17.0,28.0,14.0,0.0,13.0,0.0,0.0,1888
889,0.0,0.0,7.0,0.0,0.0,12.0,24.0,19.0,21.0,0.0,21.0,0.0,10.0,0.0,1889
890,0.0,0.0,20.0,29.0,0.0,8.0,12.0,0.0,11.0,5.0,10.0,0.0,15.0,0.0,1890
891,9.0,0.0,6.0,23.0,22.0,7.0,0.0,17.0,0.0,0.0,0.0,7.0,0.0,0.0,1891
892,27.0,0.0,22.0,12.0,9.0,13.0,27.0,0.0,0.0,0.0,18.0,0.0,0.0,25.0,1892
893,17.0,8.0,0.0,0.0,9.0,20.0,24.0,0.0,0.0,0.0,0.0,0.0,23.0,0.0,1893
894,21.0,0.0,0.0,0.0,23.0,0.0,5.0,0.0,0.0,25.0,0.0,23.0,0.0,8.0,1894
895,0.0,17.0,22.0,0.0,5.0,19.0,0.0,23.0,13.0,21.0,0.0,21.0,17.0,14.0,1895
896,0.0,28.0,17.0,7.0,0.0,24.0,15.0,0.0,0.0,19.0,11.0,12.0,22.0,25.0,1896
897,0.0,0.0,0.0,13.0,0.0,16.0,0.0,0.0,11.0,11.0,19.0,0.0,13.0,0.0,1897
898,15.0,0.0,0.0,0.0,0.0,0.0,0.0,0.0,0.0,0.0,14.0,15.0,0.0,29.0,1898
899,0.0,17.0,24.0,11.0,0.0,0.0,28.0,17.0,18.0,8.0,15.0,26.0,0.0,19.0,1899
900,0.0,28.0,18.0,25.0,0.0,26.0,0.0,24.0,22.0,0.0,0.0,14.0,12.0,0.0,1900
901,0.0,15.0,0.0,0.0,9.0,17.0,0.0,13.0,28.0,0.0,17.0,0.0,23.0,11.0,1901
902,0.0,7.0,17.0,23.0,29.0,25.0,0.0,15.0,20.0,0.0,5.0,0.0,0.0,0.0,1902
903,27.0,0.0,19.0,16.0,0.0,0.0,11.0,19.0,9.0,29.0,0.0,19.0,0.0,0.0,1903
904,13.0,8.0,10.0,0.0,26.0,29.0,10.0,16.0,11.0,0.0,17.0,0.0,21.0,0.0,1904
905,0.0,0.0,0.0,0.0,29.0,0.0,18.0,19.0,29.0,0.0,29.0,21.0,0.0,0.0,1905
906,16.0,0.0,18.0,16.0,18.0,7.0,0.0,15.0,0.0,29.0,15.0,0.0,0.0,13.0,1906
907,0.0,16.0,0.0,19.0,0.0,0.0,0.0,21.0,21.0,16.0,13.0,0.0,0.0,26.0,1907
908,0.0,0.0,0.0,22.0,0.0,20.0,8.0,0.0,0.0,7.0,0.0,0.0,0.0,0.0,1908
909,15.0,8.0,0.0,22.0,0.0,29.0,0.0,0.0,0.0,0.0,0.0,0.0,0.0,21.0,1909
910,0.0,0.0,0.0,27.0,20.0,22.0,0.0,0.0,0.0,20.0,0.0,0.0,7.0,0.0,1910
911,0.0,14.0,20.0,16.0,18.0,0.0,6.0,6.0,17.0,0.0,0.0,0.0,18.0,0.0,1911
912,12.0,5.0,0.0,11.0,28.0,0.0,0.0,0.0,29.0,0.0,0.0,0.0,0.0,0.0,1912
913,11.0,16.0,16.0,0.0,26.0,0.0,0.0,0.0,0.0,0.0,12.0,0.0,0.0,0.0,1913
914,13.0,0.0,23.0,0.0,0.0,12.0,0.0,22.0,0.0,18.0,0.0,24.0,9.0,0.0,1914
915,0.0,27.0,12.0,23.0,0.0,26.0,0.0,0.0,26.0,0.0,0.0,16.0,7.0,27.0,1915
916,0.0,0.0,0.0,0.0,26.0,13.0,12.0,0.0,11.0,0.0,25.0,17.0,0.0,0.0,1916
917,0.0,0.0,24.0,16.0,0.0,23.0,0.0,21.0,0.0,0.0,0.0,25.0,29.0,17.0,1917
918,22.0,0.0,0.0,0.0,10.0,0.0,0.0,0.0,25.0,0.0,7.0,0.0,0.0,7.0,1918
919,0.0,15.0,24.0,10.0,22.0,0.0,25.0,0.0,0.0,0.0,7.0,0.0,0.0,0.0,1919
920,29.0,0.0,0.0,27.0,18.0,0.0,0.0,0.0,7.0,19.0,0.0,0.0,23.0,5.0,1920
921,0.0,0.0,27.0,23.0,0.0,18.0,0.0,19.0,0.0,28.0,0.0,0.0,10.0,29.0,1921
922,0.0,27.0,0.0,8.0,6.0,0.0,28.0,0.0,0.0,0.0,21.0,0.0,25.0,12.0,1922
923,16.0,0.0,0.0,10.0,13.0,5.0,0.0,27.0,22.0,0.0,0.0,0.0,15.0,0.0,1923
924,0.0,22.0,0.0,9.0,0.0,0.0,7.0,0.0,0.0,0.0,0.0,0.0,21.0,18.0,1924
925,0.0,27.0,0.0,26.0,16.0,7.0,0.0,0.0,0.0,0.0,0.0,29.0,24.0,0.0,1925
926,9.0,5.0,28.0,5.0,22.0,0.0,0.0,22.0,0.0,0.0,29.0,0.0,0.0,0.0,1926
927,0.0,28.0,22.0,7.0,17.0,0.0,0.0,0.0,0.0,0.0,0.0,0.0,0.0,22.0,1927
928,12.0,20.0,22.0,0.0,0.0,0.0,10.0,21.0,0.0,7.0,0.0,0.0,0.0,0.0,1928
929,0.0,13.0,0.0,0.0,0.0,0.0,15.0,0.0,24.0,25.0,0.0,0.0,0.0,20.0,1929
930,0.0,0.0,5.0,0.0,0.0,23.0,0.0,22.0,0.0,12.0,10.0,23.0,17.0,0.0,1930
931,13.0,20.0,27.0,27.0,0.0,5.0,0.0,0.0,17.0,0.0,10.0,0.0,7.0,0.0,1931
932,0.0,0.0,0.0,25.0,13.0,0.0,0.0,0.0,8.0,0.0,8.0,0.0,0.0,17.0,1932
933,14.0,22.0,28.0,0.0,7.0,18.0,0.0,0.0,0.0,0.0,25.0,0.0,21.0,0.0,1933
934,0.0,17.0,15.0,23.0,10.0,10.0,0.0,0.0,0.0,0.0,0.0,9.0,0.0,0.0,1934
935,16.0,0.0,20.0,20.0,0.0,0.0,23.0,0.0,0.0,13.0,28.0,0.0,0.0,0.0,1935
936,28.0,0.0,0.0,5.0,0.0,0.0,23.0,14.0,0.0,28.0,10.0,17.0,0.0,24.0,1936
937,28.0,0.0,0.0,6.0,12.0,0.0,7.0,20.0,0.0,19.0,11.0,0.0,0.0,14.0,1937
938,26.0,26.0,0.0,27.0,0.0,0.0,0.0,21.0,0.0,0.0,11.0,0.0,10.0,0.0,1938
939,28.0,13.0,5.0,5.0,0.0,0.0,0.0,0.0,0.0,0.0,10.0,0.0,0.0,0.0,1939
940,10.0,17.0,17.0,0.0,11.0,17.0,12.0,0.0,16.0,0.0,25.0,0.0,0.0,0.0,1940
941,0.0,13.0,24.0,0.0,0.0,0.0,26.0,17.0,9.0,0.0,9.0,28.0,5.0,0.0,1941
942,18.0,21.0,0.0,0.0,0.0,28.0,13.0,12.0,25.0,0.0,17.0,12.0,0.0,18.0,1942
943,24.0,24.0,0.0,0.0,0.0,0.0,0.0,0.0,7.0,16.0,17.0,0.0,0.0,9.0,1943
944,16.0,11.0,8.0,24.0,0.0,0.0,20.0,27.0,0.0,0.0,16.0,0.0,14.0,6.0,1944
945,7.0,0.0,0.0,0.0,23.0,0.0,28.0,0.0,7.0,0.0,0.0,0.0,15.0,0.0,1945
946,15.0,25.0,6.0,5.0,0.0,10.0,28.0,10.0,7.0,11.0,0.0,0.0,0.0,0.0,1946
947,0.0,11.0,0.0,0.0,0.0,0.0,0.0,28.0,0.0,0.0,26.0,0.0,0.0,16.0,1947
948,0.0,13.0,0.0,9.0,0.0,14.0,0.0,0.0,15.0,20.0,17.0,5.0,16.0,0.0,1948
949,0.0,6.0,9.0,0.0,9.0,10.0,0.0,11.0,0.0,0.0,18.0,0.0,0.0,0.0,1949
950,0.0,19.0,0.0,0.0,0.0,12.0,0.0,0.0,0.0,0.0,9.0,5.0,20.0,0.0,1950
951,21.0,0.0,18.0,9.0,23.0,13.0,29.0,5.0,10.0,0.0,0.0,0.0,16.0,28.0,1951
952,20.0,0.0,15.0,0.0,11.0,6.0,0.0,11.0,29.0,8.0,0.0,20.0,0.0,0.0,1952
953,0.0,0.0,28.0,21.0,0.0,0.0,24.0,24.0,25.0,0.0,6.0,0.0,0.0,0.0,1953
954,12.0,13.0,0.0,0.0,0.0,17.0,0.0,0.0,11.0,0.0,12.0,12.0,0.0,27.0,1954
955,0.0,0.0,0.0,22.0,0.0,28.0,0.0,7.0,0.0,22.0,0.0,0.0,9.0,29.0,1955
956,28.0,0.0,18.0,22.0,29.0,12.0,0.0,14.0,0.0,0.0,0.0,0.0,14.0,0.0,1956
957,22.0,0.0,0.0,0.0,0.0,0.0,0.0,0.0,12.0,0.0,0.0,14.0,20.0,16.0,1957
958,0.0,20.0,27.0,13.0,14.0,0.0,10.0,19.0,17.0,17.0,9.0,0.0,0.0,0.0,1958
959,7.0,18.0,0.0,7.0,19.0,0.0,0.0,0.0,20.0,23.0,0.0,0.0,0.0,0.0,1959
960,8.0,7.0,0.0,0.0,9.0,20.0,0.0,25.0,10.0,0.0,25.0,0.0,20.0,0.0,1960
961,0.0,0.0,23.0,5.0,0.0,0.0,0.0,0.0,17.0,6.0,0.0,0.0,0.0,29.0,1961
962,27.0,24.0,0.0,0.0,24.0,22.0,0.0,22.0,29.0,14.0,5.0,29.0,15.0,11.0,1962
963,0.0,0.0,0.0,22.0,8.0,8.0,0.0,24.0,0.0,24.0,0.0,0.0,0.0,0.0,1963
964,0.0,0.0,0.0,0.0,0.0,0.0,28.0,0.0,19.0,0.0,0.0,5.0,0.0,29.0,1964
965,0.0,28.0,0.0,17.0,0.0,0.0,0.0,0.0,13.0,0.0,23.0,0.0,26.0,0.0,1965
966,25.0,0.0,17.0,0.0,0.0,0.0,26.0,0.0,0.0,0.0,10.0,17.0,0.0,16.0,1966
967,28.0,26.0,0.0,0.0,0.0,0.0,0.0,0.0,0.0,0.0,0.0,21.0,0.0,11.0,1967
968,16.0,27.0,0.0,21.0,16.0,0.0,12.0,0.0,8.0,11.0,0.0,8.0,0.0,0.0,1968
969,5.0,0.0,0.0,18.0,0.0,0.0,12.0,0.0,0.0,0.0,22.0,0.0,6.0,16.0,1969
970,0.0,0.0,0.0,0.0,27.0,0.0,16.0,26.0,18.0,0.0,19.0,0.0,23.0,0.0,1970
971,0.0,23.0,14.0,0.0,21.0,29.0,13.0,0.0,0.0,5.0,15.0,19.0,0.0,13.0,1971
972,25.0,19.0,8.0,21.0,12.0,0.0,0.0,25.0,0.0,0.0,15.0,0.0,0.0,0.0,1972
973,22.0,7.0,0.0,10.0,0.0,0.0,0.0,13.0,0.0,0.0,14.0,26.0,20.0,0.0,1973
974,28.0,6.0,28.0,17.0,17.0,0.0,0.0,0.0,0.0,18.0,21.0,21.0,8.0,19.0,1974
975,0.0,15.0,0.0,27.0,16.0,18.0,0.0,0.0,26.0,10.0,0.0,17.0,0.0,27.0,1975
976,5.0,0.0,0.0,0.0,0.0,0.0,22.0,12.0,29.0,0.0,0.0,0.0,0.0,0.0,1976
977,15.0,0.0,24.0,0.0,0.0,0.0,11.0,14.0,0.0,0.0,0.0,0.0,10.0,17.0,1977
978,7.0,0.0,12.0,0.0,10.0,14.0,0.0,11.0,0.0,0.0,0.0,10.0,0.0,0.0,1978
979,0.0,24.0,0.0,0.0,0.0,0.0,0.0,24.0,21.0,18.0,0.0,0.0,0.0,16.0,1979
980,0.0,23.0,27.0,10.0,11.0,0.0,24.0,9.0,17.0,7.0,9.0,16.0,0.0,11.0,1980
981,10.0,28.0,0.0,0.0,29.0,0.0,29.0,14.0,0.0,18.0,0.0,27.0,0.0,17.0,1981
982,11.0,0.0,11.0,22.0,0.0,0.0,24.0,0.0,0.0,25.0,10.0,0.0,0.0,9.0,1982
983,5.0,17.0,22.0,0.0,18.0,0.0,0.0,0.0,0.0,6.0,0.0,0.0,10.0,0.0,1983
984,0.0,18.0,26.0,18.0,20.0,0.0,0.0,0.0,0.0,18.0,21.0,0.0,0.0,24.0,1984
985,0.0,8.0,0.0,0.0,23.0,7.0,22.0,0.0,0.0,0.0,15.0,12.0,23.0,27.0,1985
986,5.0,0.0,17.0,0.0,0.0,0.0,29.0,0.0,7.0,0.0,13.0,7.0,0.0,18.0,1986
987,21.0,18.0,28.0,0.0,0.0,28.0,0.0,0.0,0.0,12.0,0.0,0.0,0.0,0.0,1987
988,0.0,19.0,10.0,0.0,0.0,14.0,0.0,14.0,0.0,0.0,0.0,0.0,0.0,0.0,1988
989,14.0,0.0,0.0,0.0,19.0,26.0,10.0,8.0,0.0,25.0,17.0,0.0,0.0,27.0,1989
990,0.0,0.0,24.0,0.0,25.0,17.0,0.0,0.0,0.0,21.0,0.0,0.0,0.0,0.0,1990
991,12.0,0.0,12.0,0.0,15.0,0.0,14.0,27.0,23.0,24.0,0.0,0.0,0.0,7.0,1991
992,0.0,0.0,0.0,14.0,0.0,17.0,0.0,0.0,17.0,16.0,25.0,9.0,0.0,0.0,1992
993,0.0,0.0,0.0,0.0,0.0,0.0,17.0,20.0,0.0,6.0,0.0,0.0,0.0,0.0,1993
994,6.0,0.0,23.0,0.0,29.0,0.0,0.0,0.0,16.0,19.0,0.0,0.0,6.0,0.0,1994
995,0.0,17.0,0.0,0.0,9.0,9.0,11.0,0.0,20.0,0.0,0.0,0.0,0.0,20.0,1995
996,12.0,0.0,27.0,15.0,28.0,19.0,0.0,0.0,0.0,18.0,28.0,0.0,11.0,0.0,1996
997,17.0,0.0,14.0,0.0,17.0,19.0,7.0,0.0,17.0,17.0,6.0,0.0,29.0,0.0,1997
998,0.0,11.0,26.0,0.0,22.0,26.0,12.0,0.0,15.0,14.0,0.0,0.0,17.0,17.0,1998
999,0.0,25.0,0.0,0.0,0.0,26.0,7.0,0.0,19.0,14.0,0.0,0.0,16.0,17.0,1999
